0 verbose cli C:\Program Files\nodejs\node.exe C:\Program Files\nodejs\node_modules\npm\bin\npm-cli.js
1 info using npm@10.9.3
2 info using node@v22.20.0
3 silly config load:file:C:\Program Files\nodejs\node_modules\npm\npmrc
4 silly config load:file:C:\Users\VARUN\OneDrive\Documents\New project\deploy-mern-app-1-main-fixed\backend\.npmrc
5 silly config load:file:C:\Users\VARUN\.npmrc
6 silly config load:file:C:\Users\VARUN\AppData\Roaming\npm\etc\npmrc
7 verbose title npm install
8 verbose argv "install" "--cache" "C:\\Users\\VARUN\\OneDrive\\Documents\\New project\\deploy-mern-app-1-main-fixed\\.npm-cache"
9 verbose logfile logs-max:10 dir:C:\Users\VARUN\OneDrive\Documents\New project\deploy-mern-app-1-main-fixed\.npm-cache\_logs\2026-03-22T18_55_54_482Z-
10 verbose logfile C:\Users\VARUN\OneDrive\Documents\New project\deploy-mern-app-1-main-fixed\.npm-cache\_logs\2026-03-22T18_55_54_482Z-debug-0.log
11 silly logfile done cleaning log files
12 silly packumentCache heap:4345298944 maxSize:1086324736 maxEntrySize:543162368
13 silly idealTree buildDeps
14 silly fetch manifest nodemon@^3.1.10
15 silly packumentCache full:https://registry.npmjs.org/nodemon cache-miss
16 http fetch GET 200 https://registry.npmjs.org/nodemon 1026ms (cache miss)
17 silly packumentCache full:https://registry.npmjs.org/nodemon set size:undefined disposed:false
18 silly placeDep ROOT nodemon@3.1.14 OK for: backend@1.0.0 want: ^3.1.10
19 silly fetch manifest debug@^4
20 silly packumentCache full:https://registry.npmjs.org/debug cache-miss
21 silly fetch manifest touch@^3.1.0
22 silly packumentCache full:https://registry.npmjs.org/touch cache-miss
23 silly fetch manifest chokidar@^3.5.2
24 silly packumentCache full:https://registry.npmjs.org/chokidar cache-miss
25 silly fetch manifest minimatch@^10.2.1
26 silly packumentCache full:https://registry.npmjs.org/minimatch cache-miss
27 silly fetch manifest undefsafe@^2.0.5
28 silly packumentCache full:https://registry.npmjs.org/undefsafe cache-miss
29 silly fetch manifest pstree.remy@^1.1.8
30 silly packumentCache full:https://registry.npmjs.org/pstree.remy cache-miss
31 silly fetch manifest supports-color@^5.5.0
32 silly packumentCache full:https://registry.npmjs.org/supports-color cache-miss
33 silly fetch manifest ignore-by-default@^1.0.1
34 silly packumentCache full:https://registry.npmjs.org/ignore-by-default cache-miss
35 silly fetch manifest simple-update-notifier@^2.0.0
36 silly packumentCache full:https://registry.npmjs.org/simple-update-notifier cache-miss
37 http fetch GET 200 https://registry.npmjs.org/debug 63ms (cache miss)
38 silly packumentCache full:https://registry.npmjs.org/debug set size:undefined disposed:false
39 http fetch GET 200 https://registry.npmjs.org/ignore-by-default 158ms (cache miss)
40 silly packumentCache full:https://registry.npmjs.org/ignore-by-default set size:undefined disposed:false
41 http fetch GET 200 https://registry.npmjs.org/touch 162ms (cache miss)
42 silly packumentCache full:https://registry.npmjs.org/touch set size:undefined disposed:false
43 http fetch GET 200 https://registry.npmjs.org/pstree.remy 186ms (cache miss)
44 silly packumentCache full:https://registry.npmjs.org/pstree.remy set size:undefined disposed:false
45 http fetch GET 200 https://registry.npmjs.org/undefsafe 199ms (cache miss)
46 silly packumentCache full:https://registry.npmjs.org/undefsafe set size:undefined disposed:false
47 http fetch GET 200 https://registry.npmjs.org/chokidar 204ms (cache miss)
48 silly packumentCache full:https://registry.npmjs.org/chokidar set size:undefined disposed:false
49 http fetch GET 200 https://registry.npmjs.org/minimatch 213ms (cache miss)
50 silly packumentCache full:https://registry.npmjs.org/minimatch set size:undefined disposed:false
51 http fetch GET 200 https://registry.npmjs.org/supports-color 220ms (cache miss)
52 silly packumentCache full:https://registry.npmjs.org/supports-color set size:undefined disposed:false
53 http fetch GET 200 https://registry.npmjs.org/simple-update-notifier 452ms (cache miss)
54 silly packumentCache full:https://registry.npmjs.org/simple-update-notifier set size:undefined disposed:false
55 silly placeDep ROOT chokidar@3.6.0 OK for: nodemon@3.1.14 want: ^3.5.2
56 silly placeDep node_modules/nodemon debug@4.4.3 OK for: nodemon@3.1.14 want: ^4
57 silly placeDep ROOT ignore-by-default@1.0.1 OK for: nodemon@3.1.14 want: ^1.0.1
58 silly placeDep node_modules/nodemon minimatch@10.2.4 OK for: nodemon@3.1.14 want: ^10.2.1
59 silly placeDep ROOT pstree.remy@1.1.8 OK for: nodemon@3.1.14 want: ^1.1.8
60 silly placeDep ROOT simple-update-notifier@2.0.0 OK for: nodemon@3.1.14 want: ^2.0.0
61 silly placeDep ROOT supports-color@5.5.0 OK for: nodemon@3.1.14 want: ^5.5.0
62 silly placeDep ROOT touch@3.1.1 OK for: nodemon@3.1.14 want: ^3.1.0
63 silly placeDep ROOT undefsafe@2.0.5 OK for: nodemon@3.1.14 want: ^2.0.5
64 silly fetch manifest braces@~3.0.2
65 silly packumentCache full:https://registry.npmjs.org/braces cache-miss
66 silly fetch manifest is-glob@~4.0.1
67 silly packumentCache full:https://registry.npmjs.org/is-glob cache-miss
68 silly fetch manifest anymatch@~3.1.2
69 silly packumentCache full:https://registry.npmjs.org/anymatch cache-miss
70 silly fetch manifest readdirp@~3.6.0
71 silly packumentCache full:https://registry.npmjs.org/readdirp cache-miss
72 silly fetch manifest glob-parent@~5.1.2
73 silly packumentCache full:https://registry.npmjs.org/glob-parent cache-miss
74 silly fetch manifest is-binary-path@~2.1.0
75 silly packumentCache full:https://registry.npmjs.org/is-binary-path cache-miss
76 silly fetch manifest normalize-path@~3.0.0
77 silly packumentCache full:https://registry.npmjs.org/normalize-path cache-miss
78 silly fetch manifest fsevents@~2.3.2
79 silly packumentCache full:https://registry.npmjs.org/fsevents cache-miss
80 silly fetch manifest ms@^2.1.3
81 silly packumentCache full:https://registry.npmjs.org/ms cache-miss
82 silly fetch manifest brace-expansion@^5.0.2
83 silly packumentCache full:https://registry.npmjs.org/brace-expansion cache-miss
84 silly fetch manifest has-flag@^3.0.0
85 silly packumentCache full:https://registry.npmjs.org/has-flag cache-miss
86 http fetch GET 200 https://registry.npmjs.org/is-glob 64ms (cache miss)
87 silly packumentCache full:https://registry.npmjs.org/is-glob set size:undefined disposed:false
88 http fetch GET 200 https://registry.npmjs.org/braces 66ms (cache miss)
89 silly packumentCache full:https://registry.npmjs.org/braces set size:undefined disposed:false
90 http fetch GET 200 https://registry.npmjs.org/is-binary-path 68ms (cache miss)
91 silly packumentCache full:https://registry.npmjs.org/is-binary-path set size:undefined disposed:false
92 http fetch GET 200 https://registry.npmjs.org/anymatch 69ms (cache miss)
93 silly packumentCache full:https://registry.npmjs.org/anymatch set size:undefined disposed:false
94 http fetch GET 200 https://registry.npmjs.org/glob-parent 78ms (cache miss)
95 silly packumentCache full:https://registry.npmjs.org/glob-parent set size:undefined disposed:false
96 http fetch GET 200 https://registry.npmjs.org/ms 80ms (cache miss)
97 silly packumentCache full:https://registry.npmjs.org/ms set size:undefined disposed:false
98 http fetch GET 200 https://registry.npmjs.org/readdirp 83ms (cache miss)
99 silly packumentCache full:https://registry.npmjs.org/readdirp set size:undefined disposed:false
100 http fetch GET 200 https://registry.npmjs.org/brace-expansion 171ms (cache miss)
101 silly packumentCache full:https://registry.npmjs.org/brace-expansion set size:undefined disposed:false
102 http fetch GET 200 https://registry.npmjs.org/has-flag 174ms (cache miss)
103 silly packumentCache full:https://registry.npmjs.org/has-flag set size:undefined disposed:false
104 http fetch GET 200 https://registry.npmjs.org/fsevents 343ms (cache miss)
105 silly packumentCache full:https://registry.npmjs.org/fsevents set size:undefined disposed:false
106 http fetch GET 200 https://registry.npmjs.org/normalize-path 814ms (cache miss)
107 silly packumentCache full:https://registry.npmjs.org/normalize-path set size:undefined disposed:false
108 silly placeDep ROOT anymatch@3.1.3 OK for: chokidar@3.6.0 want: ~3.1.2
109 silly placeDep ROOT braces@3.0.3 OK for: chokidar@3.6.0 want: ~3.0.2
110 silly placeDep ROOT fsevents@2.3.3 OK for: chokidar@3.6.0 want: ~2.3.2
111 silly placeDep ROOT glob-parent@5.1.2 OK for: chokidar@3.6.0 want: ~5.1.2
112 silly placeDep ROOT is-binary-path@2.1.0 OK for: chokidar@3.6.0 want: ~2.1.0
113 silly placeDep ROOT is-glob@4.0.3 OK for: chokidar@3.6.0 want: ~4.0.1
114 silly placeDep ROOT normalize-path@3.0.0 OK for: chokidar@3.6.0 want: ~3.0.0
115 silly placeDep ROOT readdirp@3.6.0 OK for: chokidar@3.6.0 want: ~3.6.0
116 silly fetch manifest picomatch@^2.0.4
117 silly packumentCache full:https://registry.npmjs.org/picomatch cache-miss
118 silly fetch manifest normalize-path@^3.0.0
119 silly packumentCache full:https://registry.npmjs.org/normalize-path cache-miss
120 silly fetch manifest fill-range@^7.1.1
121 silly packumentCache full:https://registry.npmjs.org/fill-range cache-miss
122 silly fetch manifest is-glob@^4.0.1
123 silly packumentCache full:https://registry.npmjs.org/is-glob cache-miss
124 silly fetch manifest binary-extensions@^2.0.0
125 silly packumentCache full:https://registry.npmjs.org/binary-extensions cache-miss
126 silly fetch manifest is-extglob@^2.1.1
127 silly packumentCache full:https://registry.npmjs.org/is-extglob cache-miss
128 silly fetch manifest picomatch@^2.2.1
129 silly packumentCache full:https://registry.npmjs.org/picomatch cache-miss
130 http cache https://registry.npmjs.org/normalize-path 10ms (cache hit)
131 silly packumentCache full:https://registry.npmjs.org/normalize-path set size:28713 disposed:false
132 http cache https://registry.npmjs.org/is-glob 10ms (cache hit)
133 silly packumentCache full:https://registry.npmjs.org/is-glob set size:40530 disposed:false
134 http fetch GET 200 https://registry.npmjs.org/is-extglob 63ms (cache miss)
135 silly packumentCache full:https://registry.npmjs.org/is-extglob set size:undefined disposed:false
136 http fetch GET 200 https://registry.npmjs.org/binary-extensions 64ms (cache miss)
137 silly packumentCache full:https://registry.npmjs.org/binary-extensions set size:undefined disposed:false
138 http fetch GET 200 https://registry.npmjs.org/fill-range 65ms (cache miss)
139 silly packumentCache full:https://registry.npmjs.org/fill-range set size:undefined disposed:false
140 http fetch GET 200 https://registry.npmjs.org/picomatch 68ms (cache miss)
141 silly packumentCache full:https://registry.npmjs.org/picomatch set size:undefined disposed:false
142 http fetch GET 200 https://registry.npmjs.org/picomatch 83ms (cache miss)
143 silly packumentCache full:https://registry.npmjs.org/picomatch set size:undefined disposed:false
144 silly placeDep ROOT picomatch@2.3.1 OK for: anymatch@3.1.3 want: ^2.0.4
145 silly placeDep ROOT fill-range@7.1.1 OK for: braces@3.0.3 want: ^7.1.1
146 silly fetch manifest to-regex-range@^5.0.1
147 silly packumentCache full:https://registry.npmjs.org/to-regex-range cache-miss
148 http fetch GET 200 https://registry.npmjs.org/to-regex-range 66ms (cache miss)
149 silly packumentCache full:https://registry.npmjs.org/to-regex-range set size:undefined disposed:false
150 silly placeDep ROOT to-regex-range@5.0.1 OK for: fill-range@7.1.1 want: ^5.0.1
151 silly fetch manifest is-number@^7.0.0
152 silly packumentCache full:https://registry.npmjs.org/is-number cache-miss
153 http fetch GET 200 https://registry.npmjs.org/is-number 66ms (cache miss)
154 silly packumentCache full:https://registry.npmjs.org/is-number set size:undefined disposed:false
155 silly placeDep ROOT binary-extensions@2.3.0 OK for: is-binary-path@2.1.0 want: ^2.0.0
156 silly placeDep ROOT is-extglob@2.1.1 OK for: is-glob@4.0.3 want: ^2.1.1
157 silly placeDep ROOT has-flag@3.0.0 OK for: supports-color@5.5.0 want: ^3.0.0
158 silly placeDep ROOT is-number@7.0.0 OK for: to-regex-range@5.0.1 want: ^7.0.0
159 silly placeDep node_modules/nodemon ms@2.1.3 OK for: debug@4.4.3 want: ^2.1.3
160 silly placeDep node_modules/nodemon brace-expansion@5.0.4 OK for: minimatch@10.2.4 want: ^5.0.2
161 silly fetch manifest balanced-match@^4.0.2
162 silly packumentCache full:https://registry.npmjs.org/balanced-match cache-miss
163 http fetch GET 200 https://registry.npmjs.org/balanced-match 60ms (cache miss)
164 silly packumentCache full:https://registry.npmjs.org/balanced-match set size:undefined disposed:false
165 silly placeDep node_modules/nodemon balanced-match@4.0.4 OK for: brace-expansion@5.0.4 want: ^4.0.2
166 silly reify moves {}
167 silly audit bulk request {
167 silly audit   '@hapi/hoek': [ '9.3.0' ],
167 silly audit   '@hapi/topo': [ '5.1.0' ],
167 silly audit   '@mapbox/node-pre-gyp': [ '1.0.11' ],
167 silly audit   '@mongodb-js/saslprep': [ '1.1.7' ],
167 silly audit   '@sideway/address': [ '4.1.5' ],
167 silly audit   '@sideway/formula': [ '3.0.1' ],
167 silly audit   '@sideway/pinpoint': [ '2.0.0' ],
167 silly audit   '@types/webidl-conversions': [ '7.0.3' ],
167 silly audit   '@types/whatwg-url': [ '11.0.5' ],
167 silly audit   abbrev: [ '1.1.1' ],
167 silly audit   accepts: [ '1.3.8' ],
167 silly audit   'agent-base': [ '6.0.2' ],
167 silly audit   debug: [ '4.3.5', '2.6.9', '4.4.3' ],
167 silly audit   ms: [ '2.1.2', '2.1.3', '2.0.0' ],
167 silly audit   'ansi-regex': [ '5.0.1' ],
167 silly audit   aproba: [ '2.0.0' ],
167 silly audit   'are-we-there-yet': [ '2.0.0' ],
167 silly audit   'array-flatten': [ '1.1.1' ],
167 silly audit   'balanced-match': [ '1.0.2', '4.0.4' ],
167 silly audit   bcrypt: [ '5.1.1' ],
167 silly audit   'body-parser': [ '1.20.2' ],
167 silly audit   'brace-expansion': [ '1.1.11', '5.0.4' ],
167 silly audit   bson: [ '6.7.0' ],
167 silly audit   'buffer-equal-constant-time': [ '1.0.1' ],
167 silly audit   bytes: [ '3.1.2' ],
167 silly audit   'call-bind': [ '1.0.7' ],
167 silly audit   chownr: [ '2.0.0' ],
167 silly audit   'color-support': [ '1.1.3' ],
167 silly audit   'concat-map': [ '0.0.1' ],
167 silly audit   'console-control-strings': [ '1.1.0' ],
167 silly audit   'content-disposition': [ '0.5.4' ],
167 silly audit   'content-type': [ '1.0.5' ],
167 silly audit   cookie: [ '0.6.0' ],
167 silly audit   'cookie-signature': [ '1.0.6' ],
167 silly audit   cors: [ '2.8.5' ],
167 silly audit   'define-data-property': [ '1.1.4' ],
167 silly audit   delegates: [ '1.0.0' ],
167 silly audit   depd: [ '2.0.0' ],
167 silly audit   destroy: [ '1.2.0' ],
167 silly audit   'detect-libc': [ '2.0.3' ],
167 silly audit   dotenv: [ '16.4.5' ],
167 silly audit   'ecdsa-sig-formatter': [ '1.0.11' ],
167 silly audit   'ee-first': [ '1.1.1' ],
167 silly audit   'emoji-regex': [ '8.0.0' ],
167 silly audit   encodeurl: [ '1.0.2' ],
167 silly audit   'es-define-property': [ '1.0.0' ],
167 silly audit   'es-errors': [ '1.3.0' ],
167 silly audit   'escape-html': [ '1.0.3' ],
167 silly audit   etag: [ '1.8.1' ],
167 silly audit   express: [ '4.19.2' ],
167 silly audit   finalhandler: [ '1.2.0' ],
167 silly audit   forwarded: [ '0.2.0' ],
167 silly audit   fresh: [ '0.5.2' ],
167 silly audit   'fs-minipass': [ '2.1.0' ],
167 silly audit   minipass: [ '3.3.6', '5.0.0' ],
167 silly audit   'fs.realpath': [ '1.0.0' ],
167 silly audit   'function-bind': [ '1.1.2' ],
167 silly audit   gauge: [ '3.0.2' ],
167 silly audit   'get-intrinsic': [ '1.2.4' ],
167 silly audit   glob: [ '7.2.3' ],
167 silly audit   gopd: [ '1.0.1' ],
167 silly audit   'has-property-descriptors': [ '1.0.2' ],
167 silly audit   'has-proto': [ '1.0.3' ],
167 silly audit   'has-symbols': [ '1.0.3' ],
167 silly audit   'has-unicode': [ '2.0.1' ],
167 silly audit   hasown: [ '2.0.2' ],
167 silly audit   'http-errors': [ '2.0.0' ],
167 silly audit   'https-proxy-agent': [ '5.0.1' ],
167 silly audit   'iconv-lite': [ '0.4.24' ],
167 silly audit   inflight: [ '1.0.6' ],
167 silly audit   inherits: [ '2.0.4' ],
167 silly audit   'ipaddr.js': [ '1.9.1' ],
167 silly audit   'is-fullwidth-code-point': [ '3.0.0' ],
167 silly audit   joi: [ '17.13.1' ],
167 silly audit   jsonwebtoken: [ '9.0.2' ],
167 silly audit   jwa: [ '1.4.1' ],
167 silly audit   jws: [ '3.2.2' ],
167 silly audit   kareem: [ '2.6.3' ],
167 silly audit   'lodash.includes': [ '4.3.0' ],
167 silly audit   'lodash.isboolean': [ '3.0.3' ],
167 silly audit   'lodash.isinteger': [ '4.0.4' ],
167 silly audit   'lodash.isnumber': [ '3.0.3' ],
167 silly audit   'lodash.isplainobject': [ '4.0.6' ],
167 silly audit   'lodash.isstring': [ '4.0.1' ],
167 silly audit   'lodash.once': [ '4.1.1' ],
167 silly audit   'make-dir': [ '3.1.0' ],
167 silly audit   semver: [ '6.3.1', '7.6.2' ],
167 silly audit   'media-typer': [ '0.3.0' ],
167 silly audit   'memory-pager': [ '1.5.0' ],
167 silly audit   'merge-descriptors': [ '1.0.1' ],
167 silly audit   methods: [ '1.1.2' ],
167 silly audit   mime: [ '1.6.0' ],
167 silly audit   'mime-db': [ '1.52.0' ],
167 silly audit   'mime-types': [ '2.1.35' ],
167 silly audit   minimatch: [ '3.1.2', '10.2.4' ],
167 silly audit   minizlib: [ '2.1.2' ],
167 silly audit   mkdirp: [ '1.0.4' ],
167 silly audit   mongodb: [ '6.6.2' ],
167 silly audit   'mongodb-connection-string-url': [ '3.0.1' ],
167 silly audit   mongoose: [ '8.4.1' ],
167 silly audit   mpath: [ '0.9.0' ],
167 silly audit   mquery: [ '5.0.0' ],
167 silly audit   negotiator: [ '0.6.3' ],
167 silly audit   'node-addon-api': [ '5.1.0' ],
167 silly audit   'node-fetch': [ '2.7.0' ],
167 silly audit   tr46: [ '0.0.3', '4.1.1' ],
167 silly audit   'webidl-conversions': [ '3.0.1', '7.0.0' ],
167 silly audit   'whatwg-url': [ '5.0.0', '13.0.0' ],
167 silly audit   nopt: [ '5.0.0' ],
167 silly audit   npmlog: [ '5.0.1' ],
167 silly audit   'object-assign': [ '4.1.1' ],
167 silly audit   'object-inspect': [ '1.13.1' ],
167 silly audit   'on-finished': [ '2.4.1' ],
167 silly audit   once: [ '1.4.0' ],
167 silly audit   parseurl: [ '1.3.3' ],
167 silly audit   'path-is-absolute': [ '1.0.1' ],
167 silly audit   'path-to-regexp': [ '0.1.7' ],
167 silly audit   'proxy-addr': [ '2.0.7' ],
167 silly audit   punycode: [ '2.3.1' ],
167 silly audit   qs: [ '6.11.0' ],
167 silly audit   'range-parser': [ '1.2.1' ],
167 silly audit   'raw-body': [ '2.5.2' ],
167 silly audit   'readable-stream': [ '3.6.2' ],
167 silly audit   rimraf: [ '3.0.2' ],
167 silly audit   'safe-buffer': [ '5.2.1' ],
167 silly audit   'safer-buffer': [ '2.1.2' ],
167 silly audit   send: [ '0.18.0' ],
167 silly audit   'serve-static': [ '1.15.0' ],
167 silly audit   'set-blocking': [ '2.0.0' ],
167 silly audit   'set-function-length': [ '1.2.2' ],
167 silly audit   setprototypeof: [ '1.2.0' ],
167 silly audit   'side-channel': [ '1.0.6' ],
167 silly audit   sift: [ '17.1.3' ],
167 silly audit   'signal-exit': [ '3.0.7' ],
167 silly audit   'sparse-bitfield': [ '3.0.3' ],
167 silly audit   statuses: [ '2.0.1' ],
167 silly audit   string_decoder: [ '1.3.0' ],
167 silly audit   'string-width': [ '4.2.3' ],
167 silly audit   'strip-ansi': [ '6.0.1' ],
167 silly audit   tar: [ '6.2.1' ],
167 silly audit   toidentifier: [ '1.0.1' ],
167 silly audit   'type-is': [ '1.6.18' ],
167 silly audit   unpipe: [ '1.0.0' ],
167 silly audit   'util-deprecate': [ '1.0.2' ],
167 silly audit   'utils-merge': [ '1.0.1' ],
167 silly audit   vary: [ '1.1.2' ],
167 silly audit   'wide-align': [ '1.1.5' ],
167 silly audit   wrappy: [ '1.0.2' ],
167 silly audit   yallist: [ '4.0.0' ],
167 silly audit   nodemon: [ '3.1.14' ],
167 silly audit   chokidar: [ '3.6.0' ],
167 silly audit   'ignore-by-default': [ '1.0.1' ],
167 silly audit   'pstree.remy': [ '1.1.8' ],
167 silly audit   'simple-update-notifier': [ '2.0.0' ],
167 silly audit   'supports-color': [ '5.5.0' ],
167 silly audit   touch: [ '3.1.1' ],
167 silly audit   undefsafe: [ '2.0.5' ],
167 silly audit   anymatch: [ '3.1.3' ],
167 silly audit   braces: [ '3.0.3' ],
167 silly audit   fsevents: [ '2.3.3' ],
167 silly audit   'glob-parent': [ '5.1.2' ],
167 silly audit   'is-binary-path': [ '2.1.0' ],
167 silly audit   'is-glob': [ '4.0.3' ],
167 silly audit   'normalize-path': [ '3.0.0' ],
167 silly audit   readdirp: [ '3.6.0' ],
167 silly audit   picomatch: [ '2.3.1' ],
167 silly audit   'fill-range': [ '7.1.1' ],
167 silly audit   'to-regex-range': [ '5.0.1' ],
167 silly audit   'binary-extensions': [ '2.3.0' ],
167 silly audit   'is-extglob': [ '2.1.1' ],
167 silly audit   'has-flag': [ '3.0.0' ],
167 silly audit   'is-number': [ '7.0.0' ]
167 silly audit }
168 verbose reify failed optional dependency C:\Users\VARUN\OneDrive\Documents\New project\deploy-mern-app-1-main-fixed\backend\node_modules\fsevents
169 silly reify mark deleted [
169 silly reify   'C:\\Users\\VARUN\\OneDrive\\Documents\\New project\\deploy-mern-app-1-main-fixed\\backend\\node_modules\\fsevents'
169 silly reify ]
170 http cache is-number@https://registry.npmjs.org/is-number/-/is-number-7.0.0.tgz 1ms (cache hit)
171 http cache binary-extensions@https://registry.npmjs.org/binary-extensions/-/binary-extensions-2.3.0.tgz 0ms (cache hit)
172 http cache has-flag@https://registry.npmjs.org/has-flag/-/has-flag-3.0.0.tgz 0ms (cache hit)
173 http cache is-extglob@https://registry.npmjs.org/is-extglob/-/is-extglob-2.1.1.tgz 0ms (cache hit)
174 http cache picomatch@https://registry.npmjs.org/picomatch/-/picomatch-2.3.1.tgz 0ms (cache hit)
175 http cache fill-range@https://registry.npmjs.org/fill-range/-/fill-range-7.1.1.tgz 0ms (cache hit)
176 http cache readdirp@https://registry.npmjs.org/readdirp/-/readdirp-3.6.0.tgz 0ms (cache hit)
177 http cache to-regex-range@https://registry.npmjs.org/to-regex-range/-/to-regex-range-5.0.1.tgz 0ms (cache hit)
178 http cache normalize-path@https://registry.npmjs.org/normalize-path/-/normalize-path-3.0.0.tgz 0ms (cache hit)
179 http cache is-binary-path@https://registry.npmjs.org/is-binary-path/-/is-binary-path-2.1.0.tgz 0ms (cache hit)
180 http cache glob-parent@https://registry.npmjs.org/glob-parent/-/glob-parent-5.1.2.tgz 0ms (cache hit)
181 http cache braces@https://registry.npmjs.org/braces/-/braces-3.0.3.tgz 0ms (cache hit)
182 http cache anymatch@https://registry.npmjs.org/anymatch/-/anymatch-3.1.3.tgz 0ms (cache hit)
183 http cache undefsafe@https://registry.npmjs.org/undefsafe/-/undefsafe-2.0.5.tgz 0ms (cache hit)
184 http cache is-glob@https://registry.npmjs.org/is-glob/-/is-glob-4.0.3.tgz 0ms (cache hit)
185 http cache supports-color@https://registry.npmjs.org/supports-color/-/supports-color-5.5.0.tgz 0ms (cache hit)
186 http cache touch@https://registry.npmjs.org/touch/-/touch-3.1.1.tgz 0ms (cache hit)
187 http cache simple-update-notifier@https://registry.npmjs.org/simple-update-notifier/-/simple-update-notifier-2.0.0.tgz 0ms (cache hit)
188 http cache chokidar@https://registry.npmjs.org/chokidar/-/chokidar-3.6.0.tgz 0ms (cache hit)
189 http cache ignore-by-default@https://registry.npmjs.org/ignore-by-default/-/ignore-by-default-1.0.1.tgz 0ms (cache hit)
190 http cache nodemon@https://registry.npmjs.org/nodemon/-/nodemon-3.1.14.tgz 0ms (cache hit)
191 http cache wrappy@https://registry.npmjs.org/wrappy/-/wrappy-1.0.2.tgz 0ms (cache hit)
192 http cache pstree.remy@https://registry.npmjs.org/pstree.remy/-/pstree.remy-1.1.8.tgz 0ms (cache hit)
193 http cache yallist@https://registry.npmjs.org/yallist/-/yallist-4.0.0.tgz 0ms (cache hit)
194 http cache wide-align@https://registry.npmjs.org/wide-align/-/wide-align-1.1.5.tgz 0ms (cache hit)
195 http cache whatwg-url@https://registry.npmjs.org/whatwg-url/-/whatwg-url-13.0.0.tgz 0ms (cache hit)
196 http cache utils-merge@https://registry.npmjs.org/utils-merge/-/utils-merge-1.0.1.tgz 0ms (cache hit)
197 http cache util-deprecate@https://registry.npmjs.org/util-deprecate/-/util-deprecate-1.0.2.tgz 0ms (cache hit)
198 http cache webidl-conversions@https://registry.npmjs.org/webidl-conversions/-/webidl-conversions-7.0.0.tgz 0ms (cache hit)
199 http cache unpipe@https://registry.npmjs.org/unpipe/-/unpipe-1.0.0.tgz 0ms (cache hit)
200 http cache tr46@https://registry.npmjs.org/tr46/-/tr46-4.1.1.tgz 0ms (cache hit)
201 http cache vary@https://registry.npmjs.org/vary/-/vary-1.1.2.tgz 0ms (cache hit)
202 http cache toidentifier@https://registry.npmjs.org/toidentifier/-/toidentifier-1.0.1.tgz 0ms (cache hit)
203 http cache strip-ansi@https://registry.npmjs.org/strip-ansi/-/strip-ansi-6.0.1.tgz 0ms (cache hit)
204 http cache type-is@https://registry.npmjs.org/type-is/-/type-is-1.6.18.tgz 0ms (cache hit)
205 http cache string-width@https://registry.npmjs.org/string-width/-/string-width-4.2.3.tgz 0ms (cache hit)
206 http cache tar@https://registry.npmjs.org/tar/-/tar-6.2.1.tgz 0ms (cache hit)
207 http cache signal-exit@https://registry.npmjs.org/signal-exit/-/signal-exit-3.0.7.tgz 0ms (cache hit)
208 http cache string_decoder@https://registry.npmjs.org/string_decoder/-/string_decoder-1.3.0.tgz 0ms (cache hit)
209 http cache sparse-bitfield@https://registry.npmjs.org/sparse-bitfield/-/sparse-bitfield-3.0.3.tgz 0ms (cache hit)
210 http cache sift@https://registry.npmjs.org/sift/-/sift-17.1.3.tgz 0ms (cache hit)
211 http cache setprototypeof@https://registry.npmjs.org/setprototypeof/-/setprototypeof-1.2.0.tgz 0ms (cache hit)
212 http cache set-blocking@https://registry.npmjs.org/set-blocking/-/set-blocking-2.0.0.tgz 0ms (cache hit)
213 http cache statuses@https://registry.npmjs.org/statuses/-/statuses-2.0.1.tgz 0ms (cache hit)
214 http cache side-channel@https://registry.npmjs.org/side-channel/-/side-channel-1.0.6.tgz 0ms (cache hit)
215 http cache set-function-length@https://registry.npmjs.org/set-function-length/-/set-function-length-1.2.2.tgz 0ms (cache hit)
216 http cache serve-static@https://registry.npmjs.org/serve-static/-/serve-static-1.15.0.tgz 0ms (cache hit)
217 http cache semver@https://registry.npmjs.org/semver/-/semver-7.6.2.tgz 0ms (cache hit)
218 http cache safer-buffer@https://registry.npmjs.org/safer-buffer/-/safer-buffer-2.1.2.tgz 0ms (cache hit)
219 http cache rimraf@https://registry.npmjs.org/rimraf/-/rimraf-3.0.2.tgz 0ms (cache hit)
220 http cache send@https://registry.npmjs.org/send/-/send-0.18.0.tgz 0ms (cache hit)
221 http cache safe-buffer@https://registry.npmjs.org/safe-buffer/-/safe-buffer-5.2.1.tgz 0ms (cache hit)
222 http cache readable-stream@https://registry.npmjs.org/readable-stream/-/readable-stream-3.6.2.tgz 0ms (cache hit)
223 http cache range-parser@https://registry.npmjs.org/range-parser/-/range-parser-1.2.1.tgz 0ms (cache hit)
224 http cache qs@https://registry.npmjs.org/qs/-/qs-6.11.0.tgz 0ms (cache hit)
225 http cache raw-body@https://registry.npmjs.org/raw-body/-/raw-body-2.5.2.tgz 0ms (cache hit)
226 http cache punycode@https://registry.npmjs.org/punycode/-/punycode-2.3.1.tgz 0ms (cache hit)
227 http cache proxy-addr@https://registry.npmjs.org/proxy-addr/-/proxy-addr-2.0.7.tgz 0ms (cache hit)
228 http cache path-is-absolute@https://registry.npmjs.org/path-is-absolute/-/path-is-absolute-1.0.1.tgz 0ms (cache hit)
229 http cache path-to-regexp@https://registry.npmjs.org/path-to-regexp/-/path-to-regexp-0.1.7.tgz 0ms (cache hit)
230 http cache once@https://registry.npmjs.org/once/-/once-1.4.0.tgz 0ms (cache hit)
231 http cache parseurl@https://registry.npmjs.org/parseurl/-/parseurl-1.3.3.tgz 0ms (cache hit)
232 http cache object-inspect@https://registry.npmjs.org/object-inspect/-/object-inspect-1.13.1.tgz 0ms (cache hit)
233 http cache on-finished@https://registry.npmjs.org/on-finished/-/on-finished-2.4.1.tgz 0ms (cache hit)
234 http cache object-assign@https://registry.npmjs.org/object-assign/-/object-assign-4.1.1.tgz 0ms (cache hit)
235 http cache nopt@https://registry.npmjs.org/nopt/-/nopt-5.0.0.tgz 0ms (cache hit)
236 http cache node-fetch@https://registry.npmjs.org/node-fetch/-/node-fetch-2.7.0.tgz 0ms (cache hit)
237 http cache npmlog@https://registry.npmjs.org/npmlog/-/npmlog-5.0.1.tgz 0ms (cache hit)
238 http cache node-addon-api@https://registry.npmjs.org/node-addon-api/-/node-addon-api-5.1.0.tgz 0ms (cache hit)
239 http cache negotiator@https://registry.npmjs.org/negotiator/-/negotiator-0.6.3.tgz 0ms (cache hit)
240 http cache ms@https://registry.npmjs.org/ms/-/ms-2.0.0.tgz 0ms (cache hit)
241 http cache mquery@https://registry.npmjs.org/mquery/-/mquery-5.0.0.tgz 0ms (cache hit)
242 http cache mpath@https://registry.npmjs.org/mpath/-/mpath-0.9.0.tgz 0ms (cache hit)
243 http cache mongoose@https://registry.npmjs.org/mongoose/-/mongoose-8.4.1.tgz 0ms (cache hit)
244 http cache mongodb@https://registry.npmjs.org/mongodb/-/mongodb-6.6.2.tgz 0ms (cache hit)
245 http cache mkdirp@https://registry.npmjs.org/mkdirp/-/mkdirp-1.0.4.tgz 0ms (cache hit)
246 http cache minizlib@https://registry.npmjs.org/minizlib/-/minizlib-2.1.2.tgz 0ms (cache hit)
247 http cache minimatch@https://registry.npmjs.org/minimatch/-/minimatch-3.1.2.tgz 0ms (cache hit)
248 http cache minipass@https://registry.npmjs.org/minipass/-/minipass-5.0.0.tgz 0ms (cache hit)
249 http cache mime-types@https://registry.npmjs.org/mime-types/-/mime-types-2.1.35.tgz 0ms (cache hit)
250 http cache mime-db@https://registry.npmjs.org/mime-db/-/mime-db-1.52.0.tgz 0ms (cache hit)
251 http cache mime@https://registry.npmjs.org/mime/-/mime-1.6.0.tgz 0ms (cache hit)
252 http cache mongodb-connection-string-url@https://registry.npmjs.org/mongodb-connection-string-url/-/mongodb-connection-string-url-3.0.1.tgz 0ms (cache hit)
253 http cache methods@https://registry.npmjs.org/methods/-/methods-1.1.2.tgz 0ms (cache hit)
254 http cache merge-descriptors@https://registry.npmjs.org/merge-descriptors/-/merge-descriptors-1.0.1.tgz 0ms (cache hit)
255 http cache media-typer@https://registry.npmjs.org/media-typer/-/media-typer-0.3.0.tgz 0ms (cache hit)
256 http cache memory-pager@https://registry.npmjs.org/memory-pager/-/memory-pager-1.5.0.tgz 0ms (cache hit)
257 http cache make-dir@https://registry.npmjs.org/make-dir/-/make-dir-3.1.0.tgz 0ms (cache hit)
258 http cache lodash.once@https://registry.npmjs.org/lodash.once/-/lodash.once-4.1.1.tgz 0ms (cache hit)
259 http cache lodash.isstring@https://registry.npmjs.org/lodash.isstring/-/lodash.isstring-4.0.1.tgz 0ms (cache hit)
260 http cache lodash.isplainobject@https://registry.npmjs.org/lodash.isplainobject/-/lodash.isplainobject-4.0.6.tgz 0ms (cache hit)
261 http cache lodash.isnumber@https://registry.npmjs.org/lodash.isnumber/-/lodash.isnumber-3.0.3.tgz 0ms (cache hit)
262 http cache lodash.isinteger@https://registry.npmjs.org/lodash.isinteger/-/lodash.isinteger-4.0.4.tgz 0ms (cache hit)
263 http cache lodash.isboolean@https://registry.npmjs.org/lodash.isboolean/-/lodash.isboolean-3.0.3.tgz 0ms (cache hit)
264 http cache lodash.includes@https://registry.npmjs.org/lodash.includes/-/lodash.includes-4.3.0.tgz 0ms (cache hit)
265 http cache kareem@https://registry.npmjs.org/kareem/-/kareem-2.6.3.tgz 0ms (cache hit)
266 http cache jws@https://registry.npmjs.org/jws/-/jws-3.2.2.tgz 0ms (cache hit)
267 http cache jwa@https://registry.npmjs.org/jwa/-/jwa-1.4.1.tgz 0ms (cache hit)
268 http cache jsonwebtoken@https://registry.npmjs.org/jsonwebtoken/-/jsonwebtoken-9.0.2.tgz 0ms (cache hit)
269 http cache joi@https://registry.npmjs.org/joi/-/joi-17.13.1.tgz 0ms (cache hit)
270 http cache is-fullwidth-code-point@https://registry.npmjs.org/is-fullwidth-code-point/-/is-fullwidth-code-point-3.0.0.tgz 0ms (cache hit)
271 http cache ipaddr.js@https://registry.npmjs.org/ipaddr.js/-/ipaddr.js-1.9.1.tgz 0ms (cache hit)
272 http cache inflight@https://registry.npmjs.org/inflight/-/inflight-1.0.6.tgz 0ms (cache hit)
273 http cache inherits@https://registry.npmjs.org/inherits/-/inherits-2.0.4.tgz 0ms (cache hit)
274 http cache https-proxy-agent@https://registry.npmjs.org/https-proxy-agent/-/https-proxy-agent-5.0.1.tgz 0ms (cache hit)
275 http cache http-errors@https://registry.npmjs.org/http-errors/-/http-errors-2.0.0.tgz 0ms (cache hit)
276 http cache iconv-lite@https://registry.npmjs.org/iconv-lite/-/iconv-lite-0.4.24.tgz 0ms (cache hit)
277 http cache has-unicode@https://registry.npmjs.org/has-unicode/-/has-unicode-2.0.1.tgz 0ms (cache hit)
278 http cache hasown@https://registry.npmjs.org/hasown/-/hasown-2.0.2.tgz 0ms (cache hit)
279 http cache has-proto@https://registry.npmjs.org/has-proto/-/has-proto-1.0.3.tgz 0ms (cache hit)
280 http cache has-symbols@https://registry.npmjs.org/has-symbols/-/has-symbols-1.0.3.tgz 0ms (cache hit)
281 http cache has-property-descriptors@https://registry.npmjs.org/has-property-descriptors/-/has-property-descriptors-1.0.2.tgz 0ms (cache hit)
282 http cache gopd@https://registry.npmjs.org/gopd/-/gopd-1.0.1.tgz 0ms (cache hit)
283 http cache glob@https://registry.npmjs.org/glob/-/glob-7.2.3.tgz 0ms (cache hit)
284 http cache get-intrinsic@https://registry.npmjs.org/get-intrinsic/-/get-intrinsic-1.2.4.tgz 0ms (cache hit)
285 http cache gauge@https://registry.npmjs.org/gauge/-/gauge-3.0.2.tgz 0ms (cache hit)
286 http cache function-bind@https://registry.npmjs.org/function-bind/-/function-bind-1.1.2.tgz 0ms (cache hit)
287 http cache fs.realpath@https://registry.npmjs.org/fs.realpath/-/fs.realpath-1.0.0.tgz 0ms (cache hit)
288 http cache fs-minipass@https://registry.npmjs.org/fs-minipass/-/fs-minipass-2.1.0.tgz 0ms (cache hit)
289 http cache fresh@https://registry.npmjs.org/fresh/-/fresh-0.5.2.tgz 0ms (cache hit)
290 http cache forwarded@https://registry.npmjs.org/forwarded/-/forwarded-0.2.0.tgz 0ms (cache hit)
291 http cache finalhandler@https://registry.npmjs.org/finalhandler/-/finalhandler-1.2.0.tgz 0ms (cache hit)
292 http cache express@https://registry.npmjs.org/express/-/express-4.19.2.tgz 0ms (cache hit)
293 http cache etag@https://registry.npmjs.org/etag/-/etag-1.8.1.tgz 0ms (cache hit)
294 http cache escape-html@https://registry.npmjs.org/escape-html/-/escape-html-1.0.3.tgz 0ms (cache hit)
295 http cache es-errors@https://registry.npmjs.org/es-errors/-/es-errors-1.3.0.tgz 0ms (cache hit)
296 http cache es-define-property@https://registry.npmjs.org/es-define-property/-/es-define-property-1.0.0.tgz 0ms (cache hit)
297 http cache encodeurl@https://registry.npmjs.org/encodeurl/-/encodeurl-1.0.2.tgz 0ms (cache hit)
298 http cache ee-first@https://registry.npmjs.org/ee-first/-/ee-first-1.1.1.tgz 0ms (cache hit)
299 http cache emoji-regex@https://registry.npmjs.org/emoji-regex/-/emoji-regex-8.0.0.tgz 0ms (cache hit)
300 http cache ecdsa-sig-formatter@https://registry.npmjs.org/ecdsa-sig-formatter/-/ecdsa-sig-formatter-1.0.11.tgz 0ms (cache hit)
301 http cache dotenv@https://registry.npmjs.org/dotenv/-/dotenv-16.4.5.tgz 0ms (cache hit)
302 http cache detect-libc@https://registry.npmjs.org/detect-libc/-/detect-libc-2.0.3.tgz 0ms (cache hit)
303 http cache destroy@https://registry.npmjs.org/destroy/-/destroy-1.2.0.tgz 0ms (cache hit)
304 http cache depd@https://registry.npmjs.org/depd/-/depd-2.0.0.tgz 0ms (cache hit)
305 http cache define-data-property@https://registry.npmjs.org/define-data-property/-/define-data-property-1.1.4.tgz 0ms (cache hit)
306 http cache delegates@https://registry.npmjs.org/delegates/-/delegates-1.0.0.tgz 0ms (cache hit)
307 http cache debug@https://registry.npmjs.org/debug/-/debug-2.6.9.tgz 0ms (cache hit)
308 http cache cors@https://registry.npmjs.org/cors/-/cors-2.8.5.tgz 0ms (cache hit)
309 http cache cookie-signature@https://registry.npmjs.org/cookie-signature/-/cookie-signature-1.0.6.tgz 0ms (cache hit)
310 http cache cookie@https://registry.npmjs.org/cookie/-/cookie-0.6.0.tgz 0ms (cache hit)
311 http cache content-type@https://registry.npmjs.org/content-type/-/content-type-1.0.5.tgz 0ms (cache hit)
312 http cache content-disposition@https://registry.npmjs.org/content-disposition/-/content-disposition-0.5.4.tgz 0ms (cache hit)
313 http cache console-control-strings@https://registry.npmjs.org/console-control-strings/-/console-control-strings-1.1.0.tgz 0ms (cache hit)
314 http cache color-support@https://registry.npmjs.org/color-support/-/color-support-1.1.3.tgz 0ms (cache hit)
315 http cache concat-map@https://registry.npmjs.org/concat-map/-/concat-map-0.0.1.tgz 0ms (cache hit)
316 http cache chownr@https://registry.npmjs.org/chownr/-/chownr-2.0.0.tgz 0ms (cache hit)
317 http cache bytes@https://registry.npmjs.org/bytes/-/bytes-3.1.2.tgz 0ms (cache hit)
318 http cache call-bind@https://registry.npmjs.org/call-bind/-/call-bind-1.0.7.tgz 0ms (cache hit)
319 http cache buffer-equal-constant-time@https://registry.npmjs.org/buffer-equal-constant-time/-/buffer-equal-constant-time-1.0.1.tgz 0ms (cache hit)
320 http cache bson@https://registry.npmjs.org/bson/-/bson-6.7.0.tgz 0ms (cache hit)
321 http cache brace-expansion@https://registry.npmjs.org/brace-expansion/-/brace-expansion-1.1.11.tgz 0ms (cache hit)
322 http cache body-parser@https://registry.npmjs.org/body-parser/-/body-parser-1.20.2.tgz 0ms (cache hit)
323 http cache bcrypt@https://registry.npmjs.org/bcrypt/-/bcrypt-5.1.1.tgz 0ms (cache hit)
324 http cache balanced-match@https://registry.npmjs.org/balanced-match/-/balanced-match-1.0.2.tgz 0ms (cache hit)
325 http cache array-flatten@https://registry.npmjs.org/array-flatten/-/array-flatten-1.1.1.tgz 0ms (cache hit)
326 http cache are-we-there-yet@https://registry.npmjs.org/are-we-there-yet/-/are-we-there-yet-2.0.0.tgz 0ms (cache hit)
327 http cache aproba@https://registry.npmjs.org/aproba/-/aproba-2.0.0.tgz 0ms (cache hit)
328 http cache ansi-regex@https://registry.npmjs.org/ansi-regex/-/ansi-regex-5.0.1.tgz 0ms (cache hit)
329 http cache abbrev@https://registry.npmjs.org/abbrev/-/abbrev-1.1.1.tgz 0ms (cache hit)
330 http cache accepts@https://registry.npmjs.org/accepts/-/accepts-1.3.8.tgz 0ms (cache hit)
331 http cache @types/webidl-conversions@https://registry.npmjs.org/@types/webidl-conversions/-/webidl-conversions-7.0.3.tgz 0ms (cache hit)
332 http cache @types/whatwg-url@https://registry.npmjs.org/@types/whatwg-url/-/whatwg-url-11.0.5.tgz 0ms (cache hit)
333 http cache agent-base@https://registry.npmjs.org/agent-base/-/agent-base-6.0.2.tgz 0ms (cache hit)
334 http cache @sideway/pinpoint@https://registry.npmjs.org/@sideway/pinpoint/-/pinpoint-2.0.0.tgz 0ms (cache hit)
335 http cache @mongodb-js/saslprep@https://registry.npmjs.org/@mongodb-js/saslprep/-/saslprep-1.1.7.tgz 0ms (cache hit)
336 http cache @sideway/address@https://registry.npmjs.org/@sideway/address/-/address-4.1.5.tgz 0ms (cache hit)
337 http cache @mapbox/node-pre-gyp@https://registry.npmjs.org/@mapbox/node-pre-gyp/-/node-pre-gyp-1.0.11.tgz 0ms (cache hit)
338 http cache @sideway/formula@https://registry.npmjs.org/@sideway/formula/-/formula-3.0.1.tgz 0ms (cache hit)
339 http cache @hapi/topo@https://registry.npmjs.org/@hapi/topo/-/topo-5.1.0.tgz 0ms (cache hit)
340 http cache @hapi/hoek@https://registry.npmjs.org/@hapi/hoek/-/hoek-9.3.0.tgz 0ms (cache hit)
341 http cache balanced-match@https://registry.npmjs.org/balanced-match/-/balanced-match-4.0.4.tgz 0ms (cache hit)
342 http cache ms@https://registry.npmjs.org/ms/-/ms-2.1.3.tgz 0ms (cache hit)
343 http cache whatwg-url@https://registry.npmjs.org/whatwg-url/-/whatwg-url-5.0.0.tgz 0ms (cache hit)
344 http cache tr46@https://registry.npmjs.org/tr46/-/tr46-0.0.3.tgz 0ms (cache hit)
345 http cache webidl-conversions@https://registry.npmjs.org/webidl-conversions/-/webidl-conversions-3.0.1.tgz 0ms (cache hit)
346 http cache minimatch@https://registry.npmjs.org/minimatch/-/minimatch-10.2.4.tgz 0ms (cache hit)
347 http cache ms@https://registry.npmjs.org/ms/-/ms-2.1.3.tgz 0ms (cache hit)
348 http cache debug@https://registry.npmjs.org/debug/-/debug-4.4.3.tgz 0ms (cache hit)
349 http cache ms@https://registry.npmjs.org/ms/-/ms-2.1.3.tgz 0ms (cache hit)
350 http cache ms@https://registry.npmjs.org/ms/-/ms-2.1.2.tgz 0ms (cache hit)
351 http cache semver@https://registry.npmjs.org/semver/-/semver-6.3.1.tgz 0ms (cache hit)
352 http cache minipass@https://registry.npmjs.org/minipass/-/minipass-3.3.6.tgz 0ms (cache hit)
353 http cache brace-expansion@https://registry.npmjs.org/brace-expansion/-/brace-expansion-5.0.4.tgz 0ms (cache hit)
354 http cache ms@https://registry.npmjs.org/ms/-/ms-2.1.3.tgz 0ms (cache hit)
355 http cache debug@https://registry.npmjs.org/debug/-/debug-4.3.5.tgz 0ms (cache hit)
356 http cache ms@https://registry.npmjs.org/ms/-/ms-2.1.2.tgz 0ms (cache hit)
357 http cache minipass@https://registry.npmjs.org/minipass/-/minipass-3.3.6.tgz 0ms (cache hit)
358 http cache ms@https://registry.npmjs.org/ms/-/ms-2.1.2.tgz 0ms (cache hit)
359 silly tarball no local data for is-number@https://registry.npmjs.org/is-number/-/is-number-7.0.0.tgz. Extracting by manifest.
360 silly tarball no local data for binary-extensions@https://registry.npmjs.org/binary-extensions/-/binary-extensions-2.3.0.tgz. Extracting by manifest.
361 http cache debug@https://registry.npmjs.org/debug/-/debug-4.3.5.tgz 0ms (cache hit)
362 http cache debug@https://registry.npmjs.org/debug/-/debug-4.3.5.tgz 1ms (cache hit)
363 silly tarball no local data for has-flag@https://registry.npmjs.org/has-flag/-/has-flag-3.0.0.tgz. Extracting by manifest.
364 silly tarball no local data for is-extglob@https://registry.npmjs.org/is-extglob/-/is-extglob-2.1.1.tgz. Extracting by manifest.
365 silly tarball no local data for picomatch@https://registry.npmjs.org/picomatch/-/picomatch-2.3.1.tgz. Extracting by manifest.
366 silly tarball no local data for fill-range@https://registry.npmjs.org/fill-range/-/fill-range-7.1.1.tgz. Extracting by manifest.
367 silly tarball no local data for readdirp@https://registry.npmjs.org/readdirp/-/readdirp-3.6.0.tgz. Extracting by manifest.
368 silly tarball no local data for to-regex-range@https://registry.npmjs.org/to-regex-range/-/to-regex-range-5.0.1.tgz. Extracting by manifest.
369 silly tarball no local data for normalize-path@https://registry.npmjs.org/normalize-path/-/normalize-path-3.0.0.tgz. Extracting by manifest.
370 silly tarball no local data for is-binary-path@https://registry.npmjs.org/is-binary-path/-/is-binary-path-2.1.0.tgz. Extracting by manifest.
371 silly tarball no local data for glob-parent@https://registry.npmjs.org/glob-parent/-/glob-parent-5.1.2.tgz. Extracting by manifest.
372 silly tarball no local data for braces@https://registry.npmjs.org/braces/-/braces-3.0.3.tgz. Extracting by manifest.
373 silly tarball no local data for anymatch@https://registry.npmjs.org/anymatch/-/anymatch-3.1.3.tgz. Extracting by manifest.
374 silly tarball no local data for undefsafe@https://registry.npmjs.org/undefsafe/-/undefsafe-2.0.5.tgz. Extracting by manifest.
375 silly tarball no local data for is-glob@https://registry.npmjs.org/is-glob/-/is-glob-4.0.3.tgz. Extracting by manifest.
376 silly tarball no local data for supports-color@https://registry.npmjs.org/supports-color/-/supports-color-5.5.0.tgz. Extracting by manifest.
377 silly tarball no local data for touch@https://registry.npmjs.org/touch/-/touch-3.1.1.tgz. Extracting by manifest.
378 silly tarball no local data for simple-update-notifier@https://registry.npmjs.org/simple-update-notifier/-/simple-update-notifier-2.0.0.tgz. Extracting by manifest.
379 silly tarball no local data for chokidar@https://registry.npmjs.org/chokidar/-/chokidar-3.6.0.tgz. Extracting by manifest.
380 silly tarball no local data for nodemon@https://registry.npmjs.org/nodemon/-/nodemon-3.1.14.tgz. Extracting by manifest.
381 silly tarball no local data for ignore-by-default@https://registry.npmjs.org/ignore-by-default/-/ignore-by-default-1.0.1.tgz. Extracting by manifest.
382 silly tarball no local data for wrappy@https://registry.npmjs.org/wrappy/-/wrappy-1.0.2.tgz. Extracting by manifest.
383 silly tarball no local data for yallist@https://registry.npmjs.org/yallist/-/yallist-4.0.0.tgz. Extracting by manifest.
384 silly tarball no local data for pstree.remy@https://registry.npmjs.org/pstree.remy/-/pstree.remy-1.1.8.tgz. Extracting by manifest.
385 silly tarball no local data for wide-align@https://registry.npmjs.org/wide-align/-/wide-align-1.1.5.tgz. Extracting by manifest.
386 silly tarball no local data for whatwg-url@https://registry.npmjs.org/whatwg-url/-/whatwg-url-13.0.0.tgz. Extracting by manifest.
387 silly tarball no local data for utils-merge@https://registry.npmjs.org/utils-merge/-/utils-merge-1.0.1.tgz. Extracting by manifest.
388 silly tarball no local data for util-deprecate@https://registry.npmjs.org/util-deprecate/-/util-deprecate-1.0.2.tgz. Extracting by manifest.
389 silly tarball no local data for webidl-conversions@https://registry.npmjs.org/webidl-conversions/-/webidl-conversions-7.0.0.tgz. Extracting by manifest.
390 silly tarball no local data for unpipe@https://registry.npmjs.org/unpipe/-/unpipe-1.0.0.tgz. Extracting by manifest.
391 silly tarball no local data for tr46@https://registry.npmjs.org/tr46/-/tr46-4.1.1.tgz. Extracting by manifest.
392 silly tarball no local data for vary@https://registry.npmjs.org/vary/-/vary-1.1.2.tgz. Extracting by manifest.
393 silly tarball no local data for toidentifier@https://registry.npmjs.org/toidentifier/-/toidentifier-1.0.1.tgz. Extracting by manifest.
394 silly tarball no local data for strip-ansi@https://registry.npmjs.org/strip-ansi/-/strip-ansi-6.0.1.tgz. Extracting by manifest.
395 silly tarball no local data for type-is@https://registry.npmjs.org/type-is/-/type-is-1.6.18.tgz. Extracting by manifest.
396 silly tarball no local data for string-width@https://registry.npmjs.org/string-width/-/string-width-4.2.3.tgz. Extracting by manifest.
397 silly tarball no local data for tar@https://registry.npmjs.org/tar/-/tar-6.2.1.tgz. Extracting by manifest.
398 silly tarball no local data for signal-exit@https://registry.npmjs.org/signal-exit/-/signal-exit-3.0.7.tgz. Extracting by manifest.
399 silly tarball no local data for string_decoder@https://registry.npmjs.org/string_decoder/-/string_decoder-1.3.0.tgz. Extracting by manifest.
400 silly tarball no local data for sparse-bitfield@https://registry.npmjs.org/sparse-bitfield/-/sparse-bitfield-3.0.3.tgz. Extracting by manifest.
401 silly tarball no local data for sift@https://registry.npmjs.org/sift/-/sift-17.1.3.tgz. Extracting by manifest.
402 silly tarball no local data for setprototypeof@https://registry.npmjs.org/setprototypeof/-/setprototypeof-1.2.0.tgz. Extracting by manifest.
403 silly tarball no local data for set-blocking@https://registry.npmjs.org/set-blocking/-/set-blocking-2.0.0.tgz. Extracting by manifest.
404 silly tarball no local data for statuses@https://registry.npmjs.org/statuses/-/statuses-2.0.1.tgz. Extracting by manifest.
405 silly tarball no local data for side-channel@https://registry.npmjs.org/side-channel/-/side-channel-1.0.6.tgz. Extracting by manifest.
406 silly tarball no local data for set-function-length@https://registry.npmjs.org/set-function-length/-/set-function-length-1.2.2.tgz. Extracting by manifest.
407 silly tarball no local data for serve-static@https://registry.npmjs.org/serve-static/-/serve-static-1.15.0.tgz. Extracting by manifest.
408 silly tarball no local data for semver@https://registry.npmjs.org/semver/-/semver-7.6.2.tgz. Extracting by manifest.
409 silly tarball no local data for safer-buffer@https://registry.npmjs.org/safer-buffer/-/safer-buffer-2.1.2.tgz. Extracting by manifest.
410 silly tarball no local data for rimraf@https://registry.npmjs.org/rimraf/-/rimraf-3.0.2.tgz. Extracting by manifest.
411 silly tarball no local data for send@https://registry.npmjs.org/send/-/send-0.18.0.tgz. Extracting by manifest.
412 silly tarball no local data for safe-buffer@https://registry.npmjs.org/safe-buffer/-/safe-buffer-5.2.1.tgz. Extracting by manifest.
413 silly tarball no local data for readable-stream@https://registry.npmjs.org/readable-stream/-/readable-stream-3.6.2.tgz. Extracting by manifest.
414 silly tarball no local data for range-parser@https://registry.npmjs.org/range-parser/-/range-parser-1.2.1.tgz. Extracting by manifest.
415 silly tarball no local data for qs@https://registry.npmjs.org/qs/-/qs-6.11.0.tgz. Extracting by manifest.
416 silly tarball no local data for raw-body@https://registry.npmjs.org/raw-body/-/raw-body-2.5.2.tgz. Extracting by manifest.
417 silly tarball no local data for punycode@https://registry.npmjs.org/punycode/-/punycode-2.3.1.tgz. Extracting by manifest.
418 silly tarball no local data for proxy-addr@https://registry.npmjs.org/proxy-addr/-/proxy-addr-2.0.7.tgz. Extracting by manifest.
419 silly tarball no local data for path-is-absolute@https://registry.npmjs.org/path-is-absolute/-/path-is-absolute-1.0.1.tgz. Extracting by manifest.
420 silly tarball no local data for path-to-regexp@https://registry.npmjs.org/path-to-regexp/-/path-to-regexp-0.1.7.tgz. Extracting by manifest.
421 silly tarball no local data for once@https://registry.npmjs.org/once/-/once-1.4.0.tgz. Extracting by manifest.
422 silly tarball no local data for parseurl@https://registry.npmjs.org/parseurl/-/parseurl-1.3.3.tgz. Extracting by manifest.
423 silly tarball no local data for object-inspect@https://registry.npmjs.org/object-inspect/-/object-inspect-1.13.1.tgz. Extracting by manifest.
424 silly tarball no local data for on-finished@https://registry.npmjs.org/on-finished/-/on-finished-2.4.1.tgz. Extracting by manifest.
425 silly tarball no local data for object-assign@https://registry.npmjs.org/object-assign/-/object-assign-4.1.1.tgz. Extracting by manifest.
426 silly tarball no local data for nopt@https://registry.npmjs.org/nopt/-/nopt-5.0.0.tgz. Extracting by manifest.
427 silly tarball no local data for node-fetch@https://registry.npmjs.org/node-fetch/-/node-fetch-2.7.0.tgz. Extracting by manifest.
428 silly tarball no local data for npmlog@https://registry.npmjs.org/npmlog/-/npmlog-5.0.1.tgz. Extracting by manifest.
429 silly tarball no local data for node-addon-api@https://registry.npmjs.org/node-addon-api/-/node-addon-api-5.1.0.tgz. Extracting by manifest.
430 silly tarball no local data for negotiator@https://registry.npmjs.org/negotiator/-/negotiator-0.6.3.tgz. Extracting by manifest.
431 silly tarball no local data for ms@https://registry.npmjs.org/ms/-/ms-2.0.0.tgz. Extracting by manifest.
432 silly tarball no local data for mquery@https://registry.npmjs.org/mquery/-/mquery-5.0.0.tgz. Extracting by manifest.
433 silly tarball no local data for mpath@https://registry.npmjs.org/mpath/-/mpath-0.9.0.tgz. Extracting by manifest.
434 silly tarball no local data for mongoose@https://registry.npmjs.org/mongoose/-/mongoose-8.4.1.tgz. Extracting by manifest.
435 silly tarball no local data for mongodb@https://registry.npmjs.org/mongodb/-/mongodb-6.6.2.tgz. Extracting by manifest.
436 silly tarball no local data for mkdirp@https://registry.npmjs.org/mkdirp/-/mkdirp-1.0.4.tgz. Extracting by manifest.
437 silly tarball no local data for minizlib@https://registry.npmjs.org/minizlib/-/minizlib-2.1.2.tgz. Extracting by manifest.
438 silly tarball no local data for minimatch@https://registry.npmjs.org/minimatch/-/minimatch-3.1.2.tgz. Extracting by manifest.
439 silly tarball no local data for mime-types@https://registry.npmjs.org/mime-types/-/mime-types-2.1.35.tgz. Extracting by manifest.
440 silly tarball no local data for minipass@https://registry.npmjs.org/minipass/-/minipass-5.0.0.tgz. Extracting by manifest.
441 silly tarball no local data for mime-db@https://registry.npmjs.org/mime-db/-/mime-db-1.52.0.tgz. Extracting by manifest.
442 silly tarball no local data for mime@https://registry.npmjs.org/mime/-/mime-1.6.0.tgz. Extracting by manifest.
443 silly tarball no local data for mongodb-connection-string-url@https://registry.npmjs.org/mongodb-connection-string-url/-/mongodb-connection-string-url-3.0.1.tgz. Extracting by manifest.
444 silly tarball no local data for methods@https://registry.npmjs.org/methods/-/methods-1.1.2.tgz. Extracting by manifest.
445 silly tarball no local data for merge-descriptors@https://registry.npmjs.org/merge-descriptors/-/merge-descriptors-1.0.1.tgz. Extracting by manifest.
446 silly tarball no local data for media-typer@https://registry.npmjs.org/media-typer/-/media-typer-0.3.0.tgz. Extracting by manifest.
447 silly tarball no local data for memory-pager@https://registry.npmjs.org/memory-pager/-/memory-pager-1.5.0.tgz. Extracting by manifest.
448 silly tarball no local data for make-dir@https://registry.npmjs.org/make-dir/-/make-dir-3.1.0.tgz. Extracting by manifest.
449 silly tarball no local data for lodash.once@https://registry.npmjs.org/lodash.once/-/lodash.once-4.1.1.tgz. Extracting by manifest.
450 silly tarball no local data for lodash.isstring@https://registry.npmjs.org/lodash.isstring/-/lodash.isstring-4.0.1.tgz. Extracting by manifest.
451 silly tarball no local data for lodash.isplainobject@https://registry.npmjs.org/lodash.isplainobject/-/lodash.isplainobject-4.0.6.tgz. Extracting by manifest.
452 silly tarball no local data for lodash.isnumber@https://registry.npmjs.org/lodash.isnumber/-/lodash.isnumber-3.0.3.tgz. Extracting by manifest.
453 silly tarball no local data for lodash.isinteger@https://registry.npmjs.org/lodash.isinteger/-/lodash.isinteger-4.0.4.tgz. Extracting by manifest.
454 silly tarball no local data for lodash.isboolean@https://registry.npmjs.org/lodash.isboolean/-/lodash.isboolean-3.0.3.tgz. Extracting by manifest.
455 silly tarball no local data for lodash.includes@https://registry.npmjs.org/lodash.includes/-/lodash.includes-4.3.0.tgz. Extracting by manifest.
456 silly tarball no local data for kareem@https://registry.npmjs.org/kareem/-/kareem-2.6.3.tgz. Extracting by manifest.
457 silly tarball no local data for jws@https://registry.npmjs.org/jws/-/jws-3.2.2.tgz. Extracting by manifest.
458 silly tarball no local data for jwa@https://registry.npmjs.org/jwa/-/jwa-1.4.1.tgz. Extracting by manifest.
459 silly tarball no local data for jsonwebtoken@https://registry.npmjs.org/jsonwebtoken/-/jsonwebtoken-9.0.2.tgz. Extracting by manifest.
460 silly tarball no local data for joi@https://registry.npmjs.org/joi/-/joi-17.13.1.tgz. Extracting by manifest.
461 silly tarball no local data for is-fullwidth-code-point@https://registry.npmjs.org/is-fullwidth-code-point/-/is-fullwidth-code-point-3.0.0.tgz. Extracting by manifest.
462 silly tarball no local data for ipaddr.js@https://registry.npmjs.org/ipaddr.js/-/ipaddr.js-1.9.1.tgz. Extracting by manifest.
463 silly tarball no local data for inflight@https://registry.npmjs.org/inflight/-/inflight-1.0.6.tgz. Extracting by manifest.
464 silly tarball no local data for inherits@https://registry.npmjs.org/inherits/-/inherits-2.0.4.tgz. Extracting by manifest.
465 silly tarball no local data for https-proxy-agent@https://registry.npmjs.org/https-proxy-agent/-/https-proxy-agent-5.0.1.tgz. Extracting by manifest.
466 silly tarball no local data for http-errors@https://registry.npmjs.org/http-errors/-/http-errors-2.0.0.tgz. Extracting by manifest.
467 silly tarball no local data for iconv-lite@https://registry.npmjs.org/iconv-lite/-/iconv-lite-0.4.24.tgz. Extracting by manifest.
468 silly tarball no local data for has-unicode@https://registry.npmjs.org/has-unicode/-/has-unicode-2.0.1.tgz. Extracting by manifest.
469 silly tarball no local data for hasown@https://registry.npmjs.org/hasown/-/hasown-2.0.2.tgz. Extracting by manifest.
470 silly tarball no local data for has-proto@https://registry.npmjs.org/has-proto/-/has-proto-1.0.3.tgz. Extracting by manifest.
471 silly tarball no local data for has-symbols@https://registry.npmjs.org/has-symbols/-/has-symbols-1.0.3.tgz. Extracting by manifest.
472 silly tarball no local data for has-property-descriptors@https://registry.npmjs.org/has-property-descriptors/-/has-property-descriptors-1.0.2.tgz. Extracting by manifest.
473 silly tarball no local data for gopd@https://registry.npmjs.org/gopd/-/gopd-1.0.1.tgz. Extracting by manifest.
474 silly tarball no local data for glob@https://registry.npmjs.org/glob/-/glob-7.2.3.tgz. Extracting by manifest.
475 silly tarball no local data for get-intrinsic@https://registry.npmjs.org/get-intrinsic/-/get-intrinsic-1.2.4.tgz. Extracting by manifest.
476 silly tarball no local data for gauge@https://registry.npmjs.org/gauge/-/gauge-3.0.2.tgz. Extracting by manifest.
477 silly tarball no local data for function-bind@https://registry.npmjs.org/function-bind/-/function-bind-1.1.2.tgz. Extracting by manifest.
478 silly tarball no local data for fs.realpath@https://registry.npmjs.org/fs.realpath/-/fs.realpath-1.0.0.tgz. Extracting by manifest.
479 silly tarball no local data for fs-minipass@https://registry.npmjs.org/fs-minipass/-/fs-minipass-2.1.0.tgz. Extracting by manifest.
480 silly tarball no local data for fresh@https://registry.npmjs.org/fresh/-/fresh-0.5.2.tgz. Extracting by manifest.
481 silly tarball no local data for forwarded@https://registry.npmjs.org/forwarded/-/forwarded-0.2.0.tgz. Extracting by manifest.
482 silly tarball no local data for finalhandler@https://registry.npmjs.org/finalhandler/-/finalhandler-1.2.0.tgz. Extracting by manifest.
483 silly tarball no local data for express@https://registry.npmjs.org/express/-/express-4.19.2.tgz. Extracting by manifest.
484 silly tarball no local data for etag@https://registry.npmjs.org/etag/-/etag-1.8.1.tgz. Extracting by manifest.
485 silly tarball no local data for escape-html@https://registry.npmjs.org/escape-html/-/escape-html-1.0.3.tgz. Extracting by manifest.
486 silly tarball no local data for es-errors@https://registry.npmjs.org/es-errors/-/es-errors-1.3.0.tgz. Extracting by manifest.
487 silly tarball no local data for es-define-property@https://registry.npmjs.org/es-define-property/-/es-define-property-1.0.0.tgz. Extracting by manifest.
488 silly tarball no local data for encodeurl@https://registry.npmjs.org/encodeurl/-/encodeurl-1.0.2.tgz. Extracting by manifest.
489 silly tarball no local data for ee-first@https://registry.npmjs.org/ee-first/-/ee-first-1.1.1.tgz. Extracting by manifest.
490 silly tarball no local data for emoji-regex@https://registry.npmjs.org/emoji-regex/-/emoji-regex-8.0.0.tgz. Extracting by manifest.
491 silly tarball no local data for ecdsa-sig-formatter@https://registry.npmjs.org/ecdsa-sig-formatter/-/ecdsa-sig-formatter-1.0.11.tgz. Extracting by manifest.
492 silly tarball no local data for dotenv@https://registry.npmjs.org/dotenv/-/dotenv-16.4.5.tgz. Extracting by manifest.
493 silly tarball no local data for detect-libc@https://registry.npmjs.org/detect-libc/-/detect-libc-2.0.3.tgz. Extracting by manifest.
494 silly tarball no local data for destroy@https://registry.npmjs.org/destroy/-/destroy-1.2.0.tgz. Extracting by manifest.
495 silly tarball no local data for depd@https://registry.npmjs.org/depd/-/depd-2.0.0.tgz. Extracting by manifest.
496 silly tarball no local data for define-data-property@https://registry.npmjs.org/define-data-property/-/define-data-property-1.1.4.tgz. Extracting by manifest.
497 silly tarball no local data for delegates@https://registry.npmjs.org/delegates/-/delegates-1.0.0.tgz. Extracting by manifest.
498 silly tarball no local data for debug@https://registry.npmjs.org/debug/-/debug-2.6.9.tgz. Extracting by manifest.
499 silly tarball no local data for cors@https://registry.npmjs.org/cors/-/cors-2.8.5.tgz. Extracting by manifest.
500 silly tarball no local data for cookie-signature@https://registry.npmjs.org/cookie-signature/-/cookie-signature-1.0.6.tgz. Extracting by manifest.
501 silly tarball no local data for cookie@https://registry.npmjs.org/cookie/-/cookie-0.6.0.tgz. Extracting by manifest.
502 silly tarball no local data for content-type@https://registry.npmjs.org/content-type/-/content-type-1.0.5.tgz. Extracting by manifest.
503 silly tarball no local data for content-disposition@https://registry.npmjs.org/content-disposition/-/content-disposition-0.5.4.tgz. Extracting by manifest.
504 silly tarball no local data for console-control-strings@https://registry.npmjs.org/console-control-strings/-/console-control-strings-1.1.0.tgz. Extracting by manifest.
505 silly tarball no local data for color-support@https://registry.npmjs.org/color-support/-/color-support-1.1.3.tgz. Extracting by manifest.
506 silly tarball no local data for concat-map@https://registry.npmjs.org/concat-map/-/concat-map-0.0.1.tgz. Extracting by manifest.
507 silly tarball no local data for chownr@https://registry.npmjs.org/chownr/-/chownr-2.0.0.tgz. Extracting by manifest.
508 silly tarball no local data for bytes@https://registry.npmjs.org/bytes/-/bytes-3.1.2.tgz. Extracting by manifest.
509 silly tarball no local data for call-bind@https://registry.npmjs.org/call-bind/-/call-bind-1.0.7.tgz. Extracting by manifest.
510 silly tarball no local data for buffer-equal-constant-time@https://registry.npmjs.org/buffer-equal-constant-time/-/buffer-equal-constant-time-1.0.1.tgz. Extracting by manifest.
511 silly tarball no local data for bson@https://registry.npmjs.org/bson/-/bson-6.7.0.tgz. Extracting by manifest.
512 silly tarball no local data for brace-expansion@https://registry.npmjs.org/brace-expansion/-/brace-expansion-1.1.11.tgz. Extracting by manifest.
513 silly tarball no local data for body-parser@https://registry.npmjs.org/body-parser/-/body-parser-1.20.2.tgz. Extracting by manifest.
514 silly tarball no local data for bcrypt@https://registry.npmjs.org/bcrypt/-/bcrypt-5.1.1.tgz. Extracting by manifest.
515 silly tarball no local data for balanced-match@https://registry.npmjs.org/balanced-match/-/balanced-match-1.0.2.tgz. Extracting by manifest.
516 silly tarball no local data for array-flatten@https://registry.npmjs.org/array-flatten/-/array-flatten-1.1.1.tgz. Extracting by manifest.
517 silly tarball no local data for are-we-there-yet@https://registry.npmjs.org/are-we-there-yet/-/are-we-there-yet-2.0.0.tgz. Extracting by manifest.
518 silly tarball no local data for aproba@https://registry.npmjs.org/aproba/-/aproba-2.0.0.tgz. Extracting by manifest.
519 silly tarball no local data for ansi-regex@https://registry.npmjs.org/ansi-regex/-/ansi-regex-5.0.1.tgz. Extracting by manifest.
520 silly tarball no local data for abbrev@https://registry.npmjs.org/abbrev/-/abbrev-1.1.1.tgz. Extracting by manifest.
521 silly tarball no local data for accepts@https://registry.npmjs.org/accepts/-/accepts-1.3.8.tgz. Extracting by manifest.
522 silly tarball no local data for @types/webidl-conversions@https://registry.npmjs.org/@types/webidl-conversions/-/webidl-conversions-7.0.3.tgz. Extracting by manifest.
523 silly tarball no local data for @types/whatwg-url@https://registry.npmjs.org/@types/whatwg-url/-/whatwg-url-11.0.5.tgz. Extracting by manifest.
524 silly tarball no local data for agent-base@https://registry.npmjs.org/agent-base/-/agent-base-6.0.2.tgz. Extracting by manifest.
525 silly tarball no local data for @sideway/pinpoint@https://registry.npmjs.org/@sideway/pinpoint/-/pinpoint-2.0.0.tgz. Extracting by manifest.
526 silly tarball no local data for @mongodb-js/saslprep@https://registry.npmjs.org/@mongodb-js/saslprep/-/saslprep-1.1.7.tgz. Extracting by manifest.
527 silly tarball no local data for @sideway/address@https://registry.npmjs.org/@sideway/address/-/address-4.1.5.tgz. Extracting by manifest.
528 silly tarball no local data for @mapbox/node-pre-gyp@https://registry.npmjs.org/@mapbox/node-pre-gyp/-/node-pre-gyp-1.0.11.tgz. Extracting by manifest.
529 silly tarball no local data for @sideway/formula@https://registry.npmjs.org/@sideway/formula/-/formula-3.0.1.tgz. Extracting by manifest.
530 silly tarball no local data for @hapi/topo@https://registry.npmjs.org/@hapi/topo/-/topo-5.1.0.tgz. Extracting by manifest.
531 silly tarball no local data for @hapi/hoek@https://registry.npmjs.org/@hapi/hoek/-/hoek-9.3.0.tgz. Extracting by manifest.
532 silly tarball no local data for balanced-match@https://registry.npmjs.org/balanced-match/-/balanced-match-4.0.4.tgz. Extracting by manifest.
533 silly tarball no local data for ms@https://registry.npmjs.org/ms/-/ms-2.1.3.tgz. Extracting by manifest.
534 silly tarball no local data for whatwg-url@https://registry.npmjs.org/whatwg-url/-/whatwg-url-5.0.0.tgz. Extracting by manifest.
535 silly tarball no local data for tr46@https://registry.npmjs.org/tr46/-/tr46-0.0.3.tgz. Extracting by manifest.
536 silly tarball no local data for webidl-conversions@https://registry.npmjs.org/webidl-conversions/-/webidl-conversions-3.0.1.tgz. Extracting by manifest.
537 silly tarball no local data for minimatch@https://registry.npmjs.org/minimatch/-/minimatch-10.2.4.tgz. Extracting by manifest.
538 silly tarball no local data for ms@https://registry.npmjs.org/ms/-/ms-2.1.3.tgz. Extracting by manifest.
539 silly tarball no local data for debug@https://registry.npmjs.org/debug/-/debug-4.4.3.tgz. Extracting by manifest.
540 silly tarball no local data for ms@https://registry.npmjs.org/ms/-/ms-2.1.3.tgz. Extracting by manifest.
541 silly tarball no local data for ms@https://registry.npmjs.org/ms/-/ms-2.1.2.tgz. Extracting by manifest.
542 silly tarball no local data for semver@https://registry.npmjs.org/semver/-/semver-6.3.1.tgz. Extracting by manifest.
543 silly tarball no local data for minipass@https://registry.npmjs.org/minipass/-/minipass-3.3.6.tgz. Extracting by manifest.
544 silly tarball no local data for brace-expansion@https://registry.npmjs.org/brace-expansion/-/brace-expansion-5.0.4.tgz. Extracting by manifest.
545 silly tarball no local data for ms@https://registry.npmjs.org/ms/-/ms-2.1.3.tgz. Extracting by manifest.
546 silly tarball no local data for debug@https://registry.npmjs.org/debug/-/debug-4.3.5.tgz. Extracting by manifest.
547 silly tarball no local data for ms@https://registry.npmjs.org/ms/-/ms-2.1.2.tgz. Extracting by manifest.
548 silly tarball no local data for minipass@https://registry.npmjs.org/minipass/-/minipass-3.3.6.tgz. Extracting by manifest.
549 silly tarball no local data for ms@https://registry.npmjs.org/ms/-/ms-2.1.2.tgz. Extracting by manifest.
550 silly tarball no local data for debug@https://registry.npmjs.org/debug/-/debug-4.3.5.tgz. Extracting by manifest.
551 silly tarball no local data for debug@https://registry.npmjs.org/debug/-/debug-4.3.5.tgz. Extracting by manifest.
552 http fetch GET 200 https://registry.npmjs.org/has-flag/-/has-flag-3.0.0.tgz 95ms (cache miss)
553 http fetch GET 200 https://registry.npmjs.org/binary-extensions/-/binary-extensions-2.3.0.tgz 103ms (cache miss)
554 http fetch GET 200 https://registry.npmjs.org/normalize-path/-/normalize-path-3.0.0.tgz 109ms (cache miss)
555 http fetch GET 200 https://registry.npmjs.org/is-extglob/-/is-extglob-2.1.1.tgz 111ms (cache miss)
556 http fetch GET 200 https://registry.npmjs.org/to-regex-range/-/to-regex-range-5.0.1.tgz 110ms (cache miss)
557 http fetch GET 200 https://registry.npmjs.org/is-binary-path/-/is-binary-path-2.1.0.tgz 109ms (cache miss)
558 http fetch GET 200 https://registry.npmjs.org/readdirp/-/readdirp-3.6.0.tgz 110ms (cache miss)
559 http fetch GET 200 https://registry.npmjs.org/is-number/-/is-number-7.0.0.tgz 113ms (cache miss)
560 http fetch GET 200 https://registry.npmjs.org/fill-range/-/fill-range-7.1.1.tgz 113ms (cache miss)
561 http fetch GET 200 https://registry.npmjs.org/picomatch/-/picomatch-2.3.1.tgz 119ms (cache miss)
562 http fetch GET 200 https://registry.npmjs.org/is-glob/-/is-glob-4.0.3.tgz 124ms (cache miss)
563 http fetch GET 200 https://registry.npmjs.org/supports-color/-/supports-color-5.5.0.tgz 133ms (cache miss)
564 http fetch GET 200 https://registry.npmjs.org/ignore-by-default/-/ignore-by-default-1.0.1.tgz 154ms (cache miss)
565 http fetch GET 200 https://registry.npmjs.org/touch/-/touch-3.1.1.tgz 156ms (cache miss)
566 http fetch GET 200 https://registry.npmjs.org/yallist/-/yallist-4.0.0.tgz 165ms (cache miss)
567 http fetch GET 200 https://registry.npmjs.org/wide-align/-/wide-align-1.1.5.tgz 166ms (cache miss)
568 http fetch GET 200 https://registry.npmjs.org/wrappy/-/wrappy-1.0.2.tgz 168ms (cache miss)
569 http fetch GET 200 https://registry.npmjs.org/chokidar/-/chokidar-3.6.0.tgz 168ms (cache miss)
570 http fetch GET 200 https://registry.npmjs.org/simple-update-notifier/-/simple-update-notifier-2.0.0.tgz 170ms (cache miss)
571 http fetch GET 200 https://registry.npmjs.org/pstree.remy/-/pstree.remy-1.1.8.tgz 176ms (cache miss)
572 http fetch GET 200 https://registry.npmjs.org/util-deprecate/-/util-deprecate-1.0.2.tgz 195ms (cache miss)
573 http fetch GET 200 https://registry.npmjs.org/utils-merge/-/utils-merge-1.0.1.tgz 202ms (cache miss)
574 http fetch GET 200 https://registry.npmjs.org/undefsafe/-/undefsafe-2.0.5.tgz 225ms (cache miss)
575 http fetch GET 200 https://registry.npmjs.org/unpipe/-/unpipe-1.0.0.tgz 225ms (cache miss)
576 http fetch GET 200 https://registry.npmjs.org/whatwg-url/-/whatwg-url-13.0.0.tgz 226ms (cache miss)
577 http fetch GET 200 https://registry.npmjs.org/webidl-conversions/-/webidl-conversions-7.0.0.tgz 228ms (cache miss)
578 http fetch GET 200 https://registry.npmjs.org/type-is/-/type-is-1.6.18.tgz 227ms (cache miss)
579 http fetch GET 200 https://registry.npmjs.org/anymatch/-/anymatch-3.1.3.tgz 233ms (cache miss)
580 http fetch GET 200 https://registry.npmjs.org/toidentifier/-/toidentifier-1.0.1.tgz 229ms (cache miss)
581 http fetch GET 200 https://registry.npmjs.org/vary/-/vary-1.1.2.tgz 231ms (cache miss)
582 http fetch GET 200 https://registry.npmjs.org/glob-parent/-/glob-parent-5.1.2.tgz 236ms (cache miss)
583 http fetch GET 200 https://registry.npmjs.org/strip-ansi/-/strip-ansi-6.0.1.tgz 231ms (cache miss)
584 http fetch GET 200 https://registry.npmjs.org/string-width/-/string-width-4.2.3.tgz 234ms (cache miss)
585 http fetch GET 200 https://registry.npmjs.org/tr46/-/tr46-4.1.1.tgz 238ms (cache miss)
586 http fetch POST 200 https://registry.npmjs.org/-/npm/v1/security/advisories/bulk 292ms
587 silly audit report {
587 silly audit report   'body-parser': [
587 silly audit report     {
587 silly audit report       id: 1099520,
587 silly audit report       url: 'https://github.com/advisories/GHSA-qwcr-r2fm-qrc7',
587 silly audit report       title: 'body-parser vulnerable to denial of service when url encoding is enabled',
587 silly audit report       severity: 'high',
587 silly audit report       vulnerable_versions: '<1.20.3',
587 silly audit report       cwe: [Array],
587 silly audit report       cvss: [Object]
587 silly audit report     }
587 silly audit report   ],
587 silly audit report   'brace-expansion': [
587 silly audit report     {
587 silly audit report       id: 1105443,
587 silly audit report       url: 'https://github.com/advisories/GHSA-v6h2-p8h4-qcjw',
587 silly audit report       title: 'brace-expansion Regular Expression Denial of Service vulnerability',
587 silly audit report       severity: 'low',
587 silly audit report       vulnerable_versions: '>=1.0.0 <=1.1.11',
587 silly audit report       cwe: [Array],
587 silly audit report       cvss: [Object]
587 silly audit report     }
587 silly audit report   ],
587 silly audit report   cookie: [
587 silly audit report     {
587 silly audit report       id: 1103907,
587 silly audit report       url: 'https://github.com/advisories/GHSA-pxg6-pf52-xh8x',
587 silly audit report       title: 'cookie accepts cookie name, path, and domain with out of bounds characters',
587 silly audit report       severity: 'low',
587 silly audit report       vulnerable_versions: '<0.7.0',
587 silly audit report       cwe: [Array],
587 silly audit report       cvss: [Object]
587 silly audit report     }
587 silly audit report   ],
587 silly audit report   express: [
587 silly audit report     {
587 silly audit report       id: 1100530,
587 silly audit report       url: 'https://github.com/advisories/GHSA-qw6h-vgh9-j6wx',
587 silly audit report       title: 'express vulnerable to XSS via response.redirect()',
587 silly audit report       severity: 'low',
587 silly audit report       vulnerable_versions: '<4.20.0',
587 silly audit report       cwe: [Array],
587 silly audit report       cvss: [Object]
587 silly audit report     }
587 silly audit report   ],
587 silly audit report   jws: [
587 silly audit report     {
587 silly audit report       id: 1111244,
587 silly audit report       url: 'https://github.com/advisories/GHSA-869p-cjfg-cm3x',
587 silly audit report       title: 'auth0/node-jws Improperly Verifies HMAC Signature',
587 silly audit report       severity: 'high',
587 silly audit report       vulnerable_versions: '<3.2.3',
587 silly audit report       cwe: [Array],
587 silly audit report       cvss: [Object]
587 silly audit report     }
587 silly audit report   ],
587 silly audit report   minimatch: [
587 silly audit report     {
587 silly audit report       id: 1113459,
587 silly audit report       url: 'https://github.com/advisories/GHSA-3ppc-4f35-3m26',
587 silly audit report       title: 'minimatch has a ReDoS via repeated wildcards with non-matching literal in pattern',
587 silly audit report       severity: 'high',
587 silly audit report       vulnerable_versions: '<3.1.3',
587 silly audit report       cwe: [Array],
587 silly audit report       cvss: [Object]
587 silly audit report     },
587 silly audit report     {
587 silly audit report       id: 1113538,
587 silly audit report       url: 'https://github.com/advisories/GHSA-7r86-cg39-jmmj',
587 silly audit report       title: 'minimatch has ReDoS: matchOne() combinatorial backtracking via multiple non-adjacent GLOBSTAR segments',
587 silly audit report       severity: 'high',
587 silly audit report       vulnerable_versions: '<3.1.3',
587 silly audit report       cwe: [Array],
587 silly audit report       cvss: [Object]
587 silly audit report     },
587 silly audit report     {
587 silly audit report       id: 1113546,
587 silly audit report       url: 'https://github.com/advisories/GHSA-23c5-xmqv-rm74',
587 silly audit report       title: 'minimatch ReDoS: nested *() extglobs generate catastrophically backtracking regular expressions',
587 silly audit report       severity: 'high',
587 silly audit report       vulnerable_versions: '<3.1.4',
587 silly audit report       cwe: [Array],
587 silly audit report       cvss: [Object]
587 silly audit report     }
587 silly audit report   ],
587 silly audit report   mongoose: [
587 silly audit report     {
587 silly audit report       id: 1101840,
587 silly audit report       url: 'https://github.com/advisories/GHSA-vg7j-7cwx-8wgw',
587 silly audit report       title: 'Mongoose search injection vulnerability',
587 silly audit report       severity: 'critical',
587 silly audit report       vulnerable_versions: '>=8.0.0-rc0 <8.9.5',
587 silly audit report       cwe: [Array],
587 silly audit report       cvss: [Object]
587 silly audit report     },
587 silly audit report     {
587 silly audit report       id: 1112942,
587 silly audit report       url: 'https://github.com/advisories/GHSA-m7xq-9374-9rvx',
587 silly audit report       title: 'Mongoose search injection vulnerability',
587 silly audit report       severity: 'high',
587 silly audit report       vulnerable_versions: '>=8.0.0-rc0 <8.8.3',
587 silly audit report       cwe: [Array],
587 silly audit report       cvss: [Object]
587 silly audit report     }
587 silly audit report   ],
587 silly audit report   'path-to-regexp': [
587 silly audit report     {
587 silly audit report       id: 1101850,
587 silly audit report       url: 'https://github.com/advisories/GHSA-9wv6-86v2-598j',
587 silly audit report       title: 'path-to-regexp outputs backtracking regular expressions',
587 silly audit report       severity: 'high',
587 silly audit report       vulnerable_versions: '<0.1.10',
587 silly audit report       cwe: [Array],
587 silly audit report       cvss: [Object]
587 silly audit report     },
587 silly audit report     {
587 silly audit report       id: 1105199,
587 silly audit report       url: 'https://github.com/advisories/GHSA-rhx6-c78j-4q9w',
587 silly audit report       title: 'path-to-regexp contains a ReDoS',
587 silly audit report       severity: 'high',
587 silly audit report       vulnerable_versions: '<0.1.12',
587 silly audit report       cwe: [Array],
587 silly audit report       cvss: [Object]
587 silly audit report     }
587 silly audit report   ],
587 silly audit report   qs: [
587 silly audit report     {
587 silly audit report       id: 1113161,
587 silly audit report       url: 'https://github.com/advisories/GHSA-w7fw-mjwx-w883',
587 silly audit report       title: "qs's arrayLimit bypass in comma parsing allows denial of service",
587 silly audit report       severity: 'low',
587 silly audit report       vulnerable_versions: '>=6.7.0 <=6.14.1',
587 silly audit report       cwe: [Array],
587 silly audit report       cvss: [Object]
587 silly audit report     },
587 silly audit report     {
587 silly audit report       id: 1113719,
587 silly audit report       url: 'https://github.com/advisories/GHSA-6rw7-vpxm-498p',
587 silly audit report       title: "qs's arrayLimit bypass in its bracket notation allows DoS via memory exhaustion",
587 silly audit report       severity: 'moderate',
587 silly audit report       vulnerable_versions: '<6.14.1',
587 silly audit report       cwe: [Array],
587 silly audit report       cvss: [Object]
587 silly audit report     }
587 silly audit report   ],
587 silly audit report   send: [
587 silly audit report     {
587 silly audit report       id: 1109556,
587 silly audit report       url: 'https://github.com/advisories/GHSA-m6fv-jmcg-4jfg',
587 silly audit report       title: 'send vulnerable to template injection that can lead to XSS',
587 silly audit report       severity: 'low',
587 silly audit report       vulnerable_versions: '<0.19.0',
587 silly audit report       cwe: [Array],
587 silly audit report       cvss: [Object]
587 silly audit report     }
587 silly audit report   ],
587 silly audit report   'serve-static': [
587 silly audit report     {
587 silly audit report       id: 1100528,
587 silly audit report       url: 'https://github.com/advisories/GHSA-cm22-4g7w-348p',
587 silly audit report       title: 'serve-static vulnerable to template injection that can lead to XSS',
587 silly audit report       severity: 'low',
587 silly audit report       vulnerable_versions: '<1.16.0',
587 silly audit report       cwe: [Array],
587 silly audit report       cvss: [Object]
587 silly audit report     }
587 silly audit report   ],
587 silly audit report   tar: [
587 silly audit report     {
587 silly audit report       id: 1112659,
587 silly audit report       url: 'https://github.com/advisories/GHSA-34x7-hfp2-rc4v',
587 silly audit report       title: 'node-tar Vulnerable to Arbitrary File Creation/Overwrite via Hardlink Path Traversal',
587 silly audit report       severity: 'high',
587 silly audit report       vulnerable_versions: '<7.5.7',
587 silly audit report       cwe: [Array],
587 silly audit report       cvss: [Object]
587 silly audit report     },
587 silly audit report     {
587 silly audit report       id: 1113300,
587 silly audit report       url: 'https://github.com/advisories/GHSA-8qq5-rm4j-mr97',
587 silly audit report       title: 'node-tar is Vulnerable to Arbitrary File Overwrite and Symlink Poisoning via Insufficient Path Sanitization',
587 silly audit report       severity: 'high',
587 silly audit report       vulnerable_versions: '<=7.5.2',
587 silly audit report       cwe: [Array],
587 silly audit report       cvss: [Object]
587 silly audit report     },
587 silly audit report     {
587 silly audit report       id: 1113375,
587 silly audit report       url: 'https://github.com/advisories/GHSA-83g3-92jg-28cx',
587 silly audit report       title: 'Arbitrary File Read/Write via Hardlink Target Escape Through Symlink Chain in node-tar Extraction',
587 silly audit report       severity: 'high',
587 silly audit report       vulnerable_versions: '<7.5.8',
587 silly audit report       cwe: [Array],
587 silly audit report       cvss: [Object]
587 silly audit report     },
587 silly audit report     {
587 silly audit report       id: 1114200,
587 silly audit report       url: 'https://github.com/advisories/GHSA-qffp-2rhf-9h96',
587 silly audit report       title: 'tar has Hardlink Path Traversal via Drive-Relative Linkpath',
587 silly audit report       severity: 'high',
587 silly audit report       vulnerable_versions: '<=7.5.9',
587 silly audit report       cwe: [Array],
587 silly audit report       cvss: [Object]
587 silly audit report     },
587 silly audit report     {
587 silly audit report       id: 1114302,
587 silly audit report       url: 'https://github.com/advisories/GHSA-9ppj-qmqm-q256',
587 silly audit report       title: 'node-tar Symlink Path Traversal via Drive-Relative Linkpath',
587 silly audit report       severity: 'high',
587 silly audit report       vulnerable_versions: '<=7.5.10',
587 silly audit report       cwe: [Array],
587 silly audit report       cvss: [Object]
587 silly audit report     },
587 silly audit report     {
587 silly audit report       id: 1114680,
587 silly audit report       url: 'https://github.com/advisories/GHSA-r6q2-hw4h-h46w',
587 silly audit report       title: 'Race Condition in node-tar Path Reservations via Unicode Ligature Collisions on macOS APFS',
587 silly audit report       severity: 'high',
587 silly audit report       vulnerable_versions: '<=7.5.3',
587 silly audit report       cwe: [Array],
587 silly audit report       cvss: [Object]
587 silly audit report     }
587 silly audit report   ]
587 silly audit report }
588 silly packumentCache corgi:https://registry.npmjs.org/body-parser cache-miss
589 silly packumentCache corgi:https://registry.npmjs.org/brace-expansion cache-miss
590 silly packumentCache corgi:https://registry.npmjs.org/cookie cache-miss
591 silly packumentCache corgi:https://registry.npmjs.org/express cache-miss
592 silly packumentCache corgi:https://registry.npmjs.org/jws cache-miss
593 silly packumentCache corgi:https://registry.npmjs.org/minimatch cache-miss
594 silly packumentCache corgi:https://registry.npmjs.org/mongoose cache-miss
595 silly packumentCache corgi:https://registry.npmjs.org/path-to-regexp cache-miss
596 silly packumentCache corgi:https://registry.npmjs.org/qs cache-miss
597 silly packumentCache corgi:https://registry.npmjs.org/send cache-miss
598 silly packumentCache corgi:https://registry.npmjs.org/serve-static cache-miss
599 silly packumentCache corgi:https://registry.npmjs.org/tar cache-miss
600 http fetch GET 200 https://registry.npmjs.org/braces/-/braces-3.0.3.tgz 280ms (cache miss)
601 http fetch GET 200 https://registry.npmjs.org/string_decoder/-/string_decoder-1.3.0.tgz 284ms (cache miss)
602 http fetch GET 200 https://registry.npmjs.org/signal-exit/-/signal-exit-3.0.7.tgz 286ms (cache miss)
603 http fetch GET 200 https://registry.npmjs.org/setprototypeof/-/setprototypeof-1.2.0.tgz 288ms (cache miss)
604 http fetch GET 200 https://registry.npmjs.org/set-blocking/-/set-blocking-2.0.0.tgz 290ms (cache miss)
605 http fetch GET 200 https://registry.npmjs.org/nodemon/-/nodemon-3.1.14.tgz 299ms (cache miss)
606 http fetch GET 200 https://registry.npmjs.org/sparse-bitfield/-/sparse-bitfield-3.0.3.tgz 295ms (cache miss)
607 http fetch GET 200 https://registry.npmjs.org/statuses/-/statuses-2.0.1.tgz 294ms (cache miss)
608 http fetch GET 200 https://registry.npmjs.org/rimraf/-/rimraf-3.0.2.tgz 326ms (cache miss)
609 warn deprecated rimraf@3.0.2: Rimraf versions prior to v4 are no longer supported
610 http fetch GET 200 https://registry.npmjs.org/serve-static/-/serve-static-1.15.0.tgz 335ms (cache miss)
611 http fetch GET 200 https://registry.npmjs.org/safer-buffer/-/safer-buffer-2.1.2.tgz 346ms (cache miss)
612 http fetch GET 200 https://registry.npmjs.org/range-parser/-/range-parser-1.2.1.tgz 354ms (cache miss)
613 http fetch GET 200 https://registry.npmjs.org/path-to-regexp/-/path-to-regexp-0.1.7.tgz 353ms (cache miss)
614 http fetch GET 200 https://registry.npmjs.org/once/-/once-1.4.0.tgz 355ms (cache miss)
615 http fetch GET 200 https://registry.npmjs.org/path-is-absolute/-/path-is-absolute-1.0.1.tgz 359ms (cache miss)
616 http fetch GET 200 https://registry.npmjs.org/set-function-length/-/set-function-length-1.2.2.tgz 380ms (cache miss)
617 http fetch GET 200 https://registry.npmjs.org/parseurl/-/parseurl-1.3.3.tgz 378ms (cache miss)
618 http fetch GET 200 https://registry.npmjs.org/punycode/-/punycode-2.3.1.tgz 381ms (cache miss)
619 http fetch GET 200 https://registry.npmjs.org/object-assign/-/object-assign-4.1.1.tgz 381ms (cache miss)
620 http fetch GET 200 https://registry.npmjs.org/on-finished/-/on-finished-2.4.1.tgz 388ms (cache miss)
621 http fetch GET 200 https://registry.npmjs.org/proxy-addr/-/proxy-addr-2.0.7.tgz 392ms (cache miss)
622 http fetch GET 200 https://registry.npmjs.org/side-channel/-/side-channel-1.0.6.tgz 395ms (cache miss)
623 http fetch GET 200 https://registry.npmjs.org/raw-body/-/raw-body-2.5.2.tgz 402ms (cache miss)
624 http fetch GET 200 https://registry.npmjs.org/npmlog/-/npmlog-5.0.1.tgz 401ms (cache miss)
625 warn deprecated npmlog@5.0.1: This package is no longer supported.
626 http fetch GET 200 https://registry.npmjs.org/ms/-/ms-2.0.0.tgz 409ms (cache miss)
627 http fetch GET 200 https://registry.npmjs.org/send/-/send-0.18.0.tgz 416ms (cache miss)
628 http fetch GET 200 https://registry.npmjs.org/safe-buffer/-/safe-buffer-5.2.1.tgz 420ms (cache miss)
629 http fetch GET 200 https://registry.npmjs.org/minizlib/-/minizlib-2.1.2.tgz 455ms (cache miss)
630 http fetch GET 200 https://registry.npmjs.org/merge-descriptors/-/merge-descriptors-1.0.1.tgz 456ms (cache miss)
631 http fetch GET 200 https://registry.npmjs.org/mime-types/-/mime-types-2.1.35.tgz 467ms (cache miss)
632 http fetch GET 200 https://registry.npmjs.org/minimatch/-/minimatch-3.1.2.tgz 470ms (cache miss)
633 http fetch GET 200 https://registry.npmjs.org/methods/-/methods-1.1.2.tgz 469ms (cache miss)
634 http fetch GET 200 https://registry.npmjs.org/memory-pager/-/memory-pager-1.5.0.tgz 487ms (cache miss)
635 http fetch GET 200 https://registry.npmjs.org/negotiator/-/negotiator-0.6.3.tgz 510ms (cache miss)
636 http fetch GET 200 https://registry.npmjs.org/media-typer/-/media-typer-0.3.0.tgz 509ms (cache miss)
637 http fetch GET 200 https://registry.npmjs.org/make-dir/-/make-dir-3.1.0.tgz 513ms (cache miss)
638 http fetch GET 200 https://registry.npmjs.org/lodash.once/-/lodash.once-4.1.1.tgz 518ms (cache miss)
639 http fetch GET 200 https://registry.npmjs.org/lodash.isplainobject/-/lodash.isplainobject-4.0.6.tgz 519ms (cache miss)
640 http fetch GET 200 https://registry.npmjs.org/lodash.isboolean/-/lodash.isboolean-3.0.3.tgz 523ms (cache miss)
641 http fetch GET 200 https://registry.npmjs.org/nopt/-/nopt-5.0.0.tgz 533ms (cache miss)
642 http fetch GET 200 https://registry.npmjs.org/lodash.isstring/-/lodash.isstring-4.0.1.tgz 527ms (cache miss)
643 http fetch GET 200 https://registry.npmjs.org/lodash.isinteger/-/lodash.isinteger-4.0.4.tgz 527ms (cache miss)
644 http fetch GET 200 https://registry.npmjs.org/lodash.includes/-/lodash.includes-4.3.0.tgz 529ms (cache miss)
645 http fetch GET 200 https://registry.npmjs.org/lodash.isnumber/-/lodash.isnumber-3.0.3.tgz 529ms (cache miss)
646 http fetch GET 200 https://registry.npmjs.org/node-fetch/-/node-fetch-2.7.0.tgz 538ms (cache miss)
647 http fetch GET 200 https://registry.npmjs.org/minipass/-/minipass-5.0.0.tgz 538ms (cache miss)
648 http fetch GET 200 https://registry.npmjs.org/is-fullwidth-code-point/-/is-fullwidth-code-point-3.0.0.tgz 544ms (cache miss)
649 http fetch GET 200 https://registry.npmjs.org/mime-db/-/mime-db-1.52.0.tgz 563ms (cache miss)
650 http fetch GET 200 https://registry.npmjs.org/jwa/-/jwa-1.4.1.tgz 560ms (cache miss)
651 http fetch GET 200 https://registry.npmjs.org/mkdirp/-/mkdirp-1.0.4.tgz 580ms (cache miss)
652 http fetch GET 200 https://registry.npmjs.org/inflight/-/inflight-1.0.6.tgz 575ms (cache miss)
653 warn deprecated inflight@1.0.6: This module is not supported, and leaks memory. Do not use it. Check out lru-cache if you want a good and tested way to coalesce async requests by a key value, which is much more comprehensive and powerful.
654 http fetch GET 200 https://registry.npmjs.org/inherits/-/inherits-2.0.4.tgz 576ms (cache miss)
655 http fetch GET 200 https://registry.npmjs.org/http-errors/-/http-errors-2.0.0.tgz 587ms (cache miss)
656 http fetch GET 200 https://registry.npmjs.org/has-unicode/-/has-unicode-2.0.1.tgz 600ms (cache miss)
657 http fetch GET 200 https://registry.npmjs.org/mpath/-/mpath-0.9.0.tgz 617ms (cache miss)
658 http fetch GET 200 https://registry.npmjs.org/kareem/-/kareem-2.6.3.tgz 630ms (cache miss)
659 http fetch GET 200 https://registry.npmjs.org/ipaddr.js/-/ipaddr.js-1.9.1.tgz 637ms (cache miss)
660 http fetch GET 200 https://registry.npmjs.org/function-bind/-/function-bind-1.1.2.tgz 635ms (cache miss)
661 http fetch GET 200 https://registry.npmjs.org/mongodb-connection-string-url/-/mongodb-connection-string-url-3.0.1.tgz 649ms (cache miss)
662 http fetch GET 200 https://registry.npmjs.org/fs.realpath/-/fs.realpath-1.0.0.tgz 644ms (cache miss)
663 http fetch GET 200 https://registry.npmjs.org/jws/-/jws-3.2.2.tgz 653ms (cache miss)
664 http fetch GET 200 https://registry.npmjs.org/fs-minipass/-/fs-minipass-2.1.0.tgz 652ms (cache miss)
665 http fetch GET 200 https://registry.npmjs.org/escape-html/-/escape-html-1.0.3.tgz 659ms (cache miss)
666 http fetch GET 200 https://registry.npmjs.org/fresh/-/fresh-0.5.2.tgz 662ms (cache miss)
667 http fetch GET 200 https://registry.npmjs.org/forwarded/-/forwarded-0.2.0.tgz 662ms (cache miss)
668 http fetch GET 200 https://registry.npmjs.org/etag/-/etag-1.8.1.tgz 668ms (cache miss)
669 http fetch GET 200 https://registry.npmjs.org/mime/-/mime-1.6.0.tgz 683ms (cache miss)
670 http fetch GET 200 https://registry.npmjs.org/es-define-property/-/es-define-property-1.0.0.tgz 678ms (cache miss)
671 http fetch GET 200 https://registry.npmjs.org/ee-first/-/ee-first-1.1.1.tgz 684ms (cache miss)
672 http fetch GET 200 https://registry.npmjs.org/finalhandler/-/finalhandler-1.2.0.tgz 689ms (cache miss)
673 http fetch GET 200 https://registry.npmjs.org/detect-libc/-/detect-libc-2.0.3.tgz 693ms (cache miss)
674 http fetch GET 200 https://registry.npmjs.org/destroy/-/destroy-1.2.0.tgz 693ms (cache miss)
675 http fetch GET 200 https://registry.npmjs.org/encodeurl/-/encodeurl-1.0.2.tgz 694ms (cache miss)
676 http fetch GET 200 https://registry.npmjs.org/glob/-/glob-7.2.3.tgz 701ms (cache miss)
677 http fetch GET 200 https://registry.npmjs.org/cookie/-/cookie-0.6.0.tgz 701ms (cache miss)
678 warn deprecated glob@7.2.3: Glob versions prior to v9 are no longer supported
679 http fetch GET 200 https://registry.npmjs.org/delegates/-/delegates-1.0.0.tgz 725ms (cache miss)
680 http fetch GET 200 https://registry.npmjs.org/has-property-descriptors/-/has-property-descriptors-1.0.2.tgz 731ms (cache miss)
681 http fetch GET 200 https://registry.npmjs.org/has-proto/-/has-proto-1.0.3.tgz 739ms (cache miss)
682 http fetch GET 200 https://registry.npmjs.org/gopd/-/gopd-1.0.1.tgz 740ms (cache miss)
683 http fetch GET 200 https://registry.npmjs.org/hasown/-/hasown-2.0.2.tgz 744ms (cache miss)
684 http fetch GET 200 https://registry.npmjs.org/cookie-signature/-/cookie-signature-1.0.6.tgz 743ms (cache miss)
685 http fetch GET 200 https://registry.npmjs.org/https-proxy-agent/-/https-proxy-agent-5.0.1.tgz 754ms (cache miss)
686 http fetch GET 200 https://registry.npmjs.org/qs/-/qs-6.11.0.tgz 769ms (cache miss)
687 http fetch GET 200 https://registry.npmjs.org/console-control-strings/-/console-control-strings-1.1.0.tgz 752ms (cache miss)
688 http fetch GET 200 https://registry.npmjs.org/content-type/-/content-type-1.0.5.tgz 753ms (cache miss)
689 http fetch GET 200 https://registry.npmjs.org/chownr/-/chownr-2.0.0.tgz 757ms (cache miss)
690 http fetch GET 200 https://registry.npmjs.org/content-disposition/-/content-disposition-0.5.4.tgz 768ms (cache miss)
691 http fetch GET 200 https://registry.npmjs.org/ecdsa-sig-formatter/-/ecdsa-sig-formatter-1.0.11.tgz 770ms (cache miss)
692 http fetch GET 200 https://registry.npmjs.org/depd/-/depd-2.0.0.tgz 770ms (cache miss)
693 http fetch GET 200 https://registry.npmjs.org/concat-map/-/concat-map-0.0.1.tgz 778ms (cache miss)
694 http fetch GET 200 https://registry.npmjs.org/get-intrinsic/-/get-intrinsic-1.2.4.tgz 784ms (cache miss)
695 http fetch GET 200 https://registry.npmjs.org/buffer-equal-constant-time/-/buffer-equal-constant-time-1.0.1.tgz 782ms (cache miss)
696 http fetch GET 200 https://registry.npmjs.org/color-support/-/color-support-1.1.3.tgz 786ms (cache miss)
697 http fetch GET 200 https://registry.npmjs.org/sift/-/sift-17.1.3.tgz 808ms (cache miss)
698 http fetch GET 200 https://registry.npmjs.org/call-bind/-/call-bind-1.0.7.tgz 787ms (cache miss)
699 http fetch GET 200 https://registry.npmjs.org/brace-expansion/-/brace-expansion-1.1.11.tgz 787ms (cache miss)
700 http fetch GET 200 https://registry.npmjs.org/cors/-/cors-2.8.5.tgz 795ms (cache miss)
701 http fetch GET 200 https://registry.npmjs.org/bytes/-/bytes-3.1.2.tgz 793ms (cache miss)
702 http fetch GET 200 https://registry.npmjs.org/ansi-regex/-/ansi-regex-5.0.1.tgz 796ms (cache miss)
703 http fetch GET 200 https://registry.npmjs.org/emoji-regex/-/emoji-regex-8.0.0.tgz 800ms (cache miss)
704 http fetch GET 200 https://registry.npmjs.org/are-we-there-yet/-/are-we-there-yet-2.0.0.tgz 802ms (cache miss)
705 http fetch GET 200 https://registry.npmjs.org/mquery/-/mquery-5.0.0.tgz 819ms (cache miss)
706 http fetch GET 200 https://registry.npmjs.org/accepts/-/accepts-1.3.8.tgz 802ms (cache miss)
707 http fetch GET 200 https://registry.npmjs.org/array-flatten/-/array-flatten-1.1.1.tgz 809ms (cache miss)
708 http fetch GET 200 https://registry.npmjs.org/balanced-match/-/balanced-match-1.0.2.tgz 810ms (cache miss)
709 http fetch GET 200 https://registry.npmjs.org/readable-stream/-/readable-stream-3.6.2.tgz 833ms (cache miss)
710 http fetch GET 200 https://registry.npmjs.org/abbrev/-/abbrev-1.1.1.tgz 816ms (cache miss)
711 http fetch GET 200 https://registry.npmjs.org/aproba/-/aproba-2.0.0.tgz 818ms (cache miss)
712 http fetch GET 200 https://registry.npmjs.org/@sideway/pinpoint/-/pinpoint-2.0.0.tgz 817ms (cache miss)
713 http fetch GET 200 https://registry.npmjs.org/node-addon-api/-/node-addon-api-5.1.0.tgz 837ms (cache miss)
714 http fetch GET 200 https://registry.npmjs.org/jsonwebtoken/-/jsonwebtoken-9.0.2.tgz 835ms (cache miss)
715 http fetch GET 200 https://registry.npmjs.org/@sideway/formula/-/formula-3.0.1.tgz 836ms (cache miss)
716 http fetch GET 200 https://registry.npmjs.org/whatwg-url/-/whatwg-url-5.0.0.tgz 837ms (cache miss)
717 http fetch GET 200 https://registry.npmjs.org/@hapi/hoek/-/hoek-9.3.0.tgz 851ms (cache miss)
718 http fetch GET 200 https://registry.npmjs.org/has-symbols/-/has-symbols-1.0.3.tgz 867ms (cache miss)
719 http fetch GET 200 https://registry.npmjs.org/ms/-/ms-2.1.3.tgz 863ms (cache miss)
720 http fetch GET 200 https://registry.npmjs.org/define-data-property/-/define-data-property-1.1.4.tgz 877ms (cache miss)
721 http fetch GET 200 https://registry.npmjs.org/dotenv/-/dotenv-16.4.5.tgz 887ms (cache miss)
722 http fetch GET 200 https://registry.npmjs.org/ms/-/ms-2.1.3.tgz 881ms (cache miss)
723 http fetch GET 200 https://registry.npmjs.org/@hapi/topo/-/topo-5.1.0.tgz 893ms (cache miss)
724 http fetch GET 200 https://registry.npmjs.org/webidl-conversions/-/webidl-conversions-3.0.1.tgz 893ms (cache miss)
725 http fetch GET 200 https://registry.npmjs.org/tar/-/tar-6.2.1.tgz 922ms (cache miss)
726 http fetch GET 200 https://registry.npmjs.org/ms/-/ms-2.1.3.tgz 899ms (cache miss)
727 http fetch GET 200 https://registry.npmjs.org/debug/-/debug-4.4.3.tgz 901ms (cache miss)
728 warn deprecated are-we-there-yet@2.0.0: This package is no longer supported.
729 http fetch GET 200 https://registry.npmjs.org/ms/-/ms-2.1.2.tgz 914ms (cache miss)
730 http fetch GET 200 https://registry.npmjs.org/ms/-/ms-2.1.3.tgz 915ms (cache miss)
731 http fetch GET 200 https://registry.npmjs.org/ms/-/ms-2.1.2.tgz 919ms (cache miss)
732 http fetch GET 200 https://registry.npmjs.org/ms/-/ms-2.1.2.tgz 920ms (cache miss)
733 http fetch GET 200 https://registry.npmjs.org/brace-expansion/-/brace-expansion-5.0.4.tgz 922ms (cache miss)
734 http fetch GET 200 https://registry.npmjs.org/minipass/-/minipass-3.3.6.tgz 921ms (cache miss)
735 http fetch GET 200 https://registry.npmjs.org/agent-base/-/agent-base-6.0.2.tgz 942ms (cache miss)
736 http fetch GET 200 https://registry.npmjs.org/body-parser/-/body-parser-1.20.2.tgz 950ms (cache miss)
737 http fetch GET 200 https://registry.npmjs.org/cookie 733ms (cache miss)
738 silly packumentCache corgi:https://registry.npmjs.org/cookie set size:undefined disposed:false
739 http fetch GET 200 https://registry.npmjs.org/minipass/-/minipass-3.3.6.tgz 954ms (cache miss)
740 http fetch GET 200 https://registry.npmjs.org/body-parser 739ms (cache miss)
741 silly packumentCache corgi:https://registry.npmjs.org/body-parser set size:undefined disposed:false
742 http fetch GET 200 https://registry.npmjs.org/debug/-/debug-2.6.9.tgz 978ms (cache miss)
743 http fetch GET 200 https://registry.npmjs.org/semver/-/semver-6.3.1.tgz 972ms (cache miss)
744 http fetch GET 200 https://registry.npmjs.org/gauge/-/gauge-3.0.2.tgz 985ms (cache miss)
745 warn deprecated gauge@3.0.2: This package is no longer supported.
746 http fetch GET 200 https://registry.npmjs.org/debug/-/debug-4.3.5.tgz 976ms (cache miss)
747 http fetch GET 200 https://registry.npmjs.org/debug/-/debug-4.3.5.tgz 979ms (cache miss)
748 http fetch GET 200 https://registry.npmjs.org/send 768ms (cache miss)
749 silly packumentCache corgi:https://registry.npmjs.org/send set size:undefined disposed:false
750 http fetch GET 200 https://registry.npmjs.org/object-inspect/-/object-inspect-1.13.1.tgz 1014ms (cache miss)
751 http fetch GET 200 https://registry.npmjs.org/tr46/-/tr46-0.0.3.tgz 994ms (cache miss)
752 http fetch GET 200 https://registry.npmjs.org/brace-expansion 776ms (cache miss)
753 silly packumentCache corgi:https://registry.npmjs.org/brace-expansion set size:undefined disposed:false
754 http fetch GET 200 https://registry.npmjs.org/jws 778ms (cache miss)
755 silly packumentCache corgi:https://registry.npmjs.org/jws set size:undefined disposed:false
756 http fetch GET 200 https://registry.npmjs.org/balanced-match/-/balanced-match-4.0.4.tgz 998ms (cache miss)
757 http fetch GET 200 https://registry.npmjs.org/express/-/express-4.19.2.tgz 1006ms (cache miss)
758 http fetch GET 200 https://registry.npmjs.org/qs 780ms (cache miss)
759 silly packumentCache corgi:https://registry.npmjs.org/qs set size:undefined disposed:false
760 http fetch GET 200 https://registry.npmjs.org/debug/-/debug-4.3.5.tgz 1006ms (cache miss)
761 http fetch GET 200 https://registry.npmjs.org/es-errors/-/es-errors-1.3.0.tgz 1017ms (cache miss)
762 http fetch GET 200 https://registry.npmjs.org/express 792ms (cache miss)
763 silly packumentCache corgi:https://registry.npmjs.org/express set size:undefined disposed:false
764 http fetch GET 200 https://registry.npmjs.org/minimatch 804ms (cache miss)
765 silly packumentCache corgi:https://registry.npmjs.org/minimatch set size:undefined disposed:false
766 http fetch GET 200 https://registry.npmjs.org/tar 809ms (cache miss)
767 silly packumentCache corgi:https://registry.npmjs.org/tar set size:undefined disposed:false
768 http fetch GET 200 https://registry.npmjs.org/@types/whatwg-url/-/whatwg-url-11.0.5.tgz 1074ms (cache miss)
769 http fetch GET 200 https://registry.npmjs.org/iconv-lite/-/iconv-lite-0.4.24.tgz 1084ms (cache miss)
770 http fetch GET 200 https://registry.npmjs.org/@sideway/address/-/address-4.1.5.tgz 1080ms (cache miss)
771 http fetch GET 200 https://registry.npmjs.org/semver/-/semver-7.6.2.tgz 1105ms (cache miss)
772 http fetch GET 200 https://registry.npmjs.org/bcrypt/-/bcrypt-5.1.1.tgz 1087ms (cache miss)
773 http fetch GET 200 https://registry.npmjs.org/@mapbox/node-pre-gyp/-/node-pre-gyp-1.0.11.tgz 1119ms (cache miss)
774 http fetch GET 200 https://registry.npmjs.org/joi/-/joi-17.13.1.tgz 1131ms (cache miss)
775 http fetch GET 200 https://registry.npmjs.org/path-to-regexp 943ms (cache miss)
776 silly packumentCache corgi:https://registry.npmjs.org/path-to-regexp set size:undefined disposed:false
777 http fetch GET 200 https://registry.npmjs.org/serve-static 962ms (cache miss)
778 silly packumentCache corgi:https://registry.npmjs.org/serve-static set size:undefined disposed:false
779 http fetch GET 200 https://registry.npmjs.org/minimatch/-/minimatch-10.2.4.tgz 1185ms (cache miss)
780 http fetch GET 200 https://registry.npmjs.org/bson/-/bson-6.7.0.tgz 1254ms (cache miss)
781 http fetch GET 200 https://registry.npmjs.org/mongoose 1065ms (cache miss)
782 silly packumentCache corgi:https://registry.npmjs.org/mongoose set size:undefined disposed:false
783 silly packumentCache corgi:https://registry.npmjs.org/jsonwebtoken cache-miss
784 http fetch GET 200 https://registry.npmjs.org/mongoose/-/mongoose-8.4.1.tgz 1659ms (cache miss)
785 http fetch GET 200 https://registry.npmjs.org/@types/webidl-conversions/-/webidl-conversions-7.0.3.tgz 1772ms (cache miss)
786 http fetch GET 200 https://registry.npmjs.org/@mongodb-js/saslprep/-/saslprep-1.1.7.tgz 1836ms (cache miss)
787 http fetch GET 200 https://registry.npmjs.org/mongodb/-/mongodb-6.6.2.tgz 1868ms (cache miss)
788 info run bcrypt@5.1.1 install node_modules/bcrypt node-pre-gyp install --fallback-to-build
789 http fetch GET 200 https://registry.npmjs.org/jsonwebtoken 522ms (cache miss)
790 silly packumentCache corgi:https://registry.npmjs.org/jsonwebtoken set size:undefined disposed:false
791 silly packumentCache corgi:https://registry.npmjs.org/glob cache-miss
792 http fetch GET 200 https://registry.npmjs.org/glob 210ms (cache miss)
793 silly packumentCache corgi:https://registry.npmjs.org/glob set size:undefined disposed:false
794 silly packumentCache corgi:https://registry.npmjs.org/@mapbox%2fnode-pre-gyp cache-miss
795 http fetch GET 200 https://registry.npmjs.org/@mapbox%2fnode-pre-gyp 319ms (cache miss)
796 silly packumentCache corgi:https://registry.npmjs.org/@mapbox%2fnode-pre-gyp set size:undefined disposed:false
797 silly packumentCache corgi:https://registry.npmjs.org/bcrypt cache-miss
798 http fetch GET 200 https://registry.npmjs.org/bcrypt 314ms (cache miss)
799 silly packumentCache corgi:https://registry.npmjs.org/bcrypt set size:undefined disposed:false
800 info run bcrypt@5.1.1 install { code: 0, signal: null }
801 silly ADD node_modules/is-number
802 silly ADD node_modules/has-flag
803 silly ADD node_modules/is-extglob
804 silly ADD node_modules/binary-extensions
805 silly ADD node_modules/to-regex-range
806 silly ADD node_modules/fill-range
807 silly ADD node_modules/picomatch
808 silly ADD node_modules/readdirp
809 silly ADD node_modules/normalize-path
810 silly ADD node_modules/is-glob
811 silly ADD node_modules/is-binary-path
812 silly ADD node_modules/glob-parent
813 silly ADD
814 silly ADD node_modules/braces
815 silly ADD node_modules/anymatch
816 silly ADD node_modules/undefsafe
817 silly ADD node_modules/touch
818 silly ADD node_modules/supports-color
819 silly ADD node_modules/simple-update-notifier
820 silly ADD node_modules/pstree.remy
821 silly ADD node_modules/ignore-by-default
822 silly ADD node_modules/chokidar
823 silly ADD node_modules/nodemon
824 silly ADD node_modules/nodemon/node_modules/balanced-match
825 silly ADD node_modules/nodemon/node_modules/brace-expansion
826 silly ADD node_modules/nodemon/node_modules/ms
827 silly ADD node_modules/nodemon/node_modules/minimatch
828 silly ADD node_modules/nodemon/node_modules/debug
829 silly ADD node_modules/yallist
830 silly ADD node_modules/wrappy
831 silly ADD node_modules/wide-align
832 silly ADD node_modules/whatwg-url
833 silly ADD node_modules/webidl-conversions
834 silly ADD node_modules/vary
835 silly ADD node_modules/utils-merge
836 silly ADD node_modules/util-deprecate
837 silly ADD node_modules/unpipe
838 silly ADD node_modules/type-is
839 silly ADD node_modules/tr46
840 silly ADD node_modules/toidentifier
841 silly ADD node_modules/tar
842 silly ADD node_modules/strip-ansi
843 silly ADD node_modules/string-width
844 silly ADD node_modules/string_decoder
845 silly ADD node_modules/statuses
846 silly ADD node_modules/sparse-bitfield
847 silly ADD node_modules/signal-exit
848 silly ADD node_modules/sift
849 silly ADD node_modules/side-channel
850 silly ADD node_modules/setprototypeof
851 silly ADD node_modules/set-function-length
852 silly ADD node_modules/set-blocking
853 silly ADD node_modules/serve-static
854 silly ADD node_modules/send
855 silly ADD node_modules/send/node_modules/ms
856 silly ADD node_modules/semver
857 silly ADD node_modules/safer-buffer
858 silly ADD node_modules/safe-buffer
859 silly ADD node_modules/rimraf
860 silly ADD node_modules/readable-stream
861 silly ADD node_modules/raw-body
862 silly ADD node_modules/range-parser
863 silly ADD node_modules/qs
864 silly ADD node_modules/punycode
865 silly ADD node_modules/proxy-addr
866 silly ADD node_modules/path-to-regexp
867 silly ADD node_modules/path-is-absolute
868 silly ADD node_modules/parseurl
869 silly ADD node_modules/once
870 silly ADD node_modules/on-finished
871 silly ADD node_modules/object-inspect
872 silly ADD node_modules/object-assign
873 silly ADD node_modules/npmlog
874 silly ADD node_modules/nopt
875 silly ADD node_modules/node-fetch
876 silly ADD node_modules/node-fetch/node_modules/whatwg-url
877 silly ADD node_modules/node-fetch/node_modules/webidl-conversions
878 silly ADD node_modules/node-fetch/node_modules/tr46
879 silly ADD node_modules/node-addon-api
880 silly ADD node_modules/negotiator
881 silly ADD node_modules/ms
882 silly ADD node_modules/mquery
883 silly ADD node_modules/mquery/node_modules/ms
884 silly ADD node_modules/mquery/node_modules/debug
885 silly ADD node_modules/mpath
886 silly ADD node_modules/mongoose
887 silly ADD node_modules/mongoose/node_modules/ms
888 silly ADD node_modules/mongodb-connection-string-url
889 silly ADD node_modules/mongodb
890 silly ADD node_modules/mkdirp
891 silly ADD node_modules/minizlib
892 silly ADD node_modules/minizlib/node_modules/minipass
893 silly ADD node_modules/minipass
894 silly ADD node_modules/minimatch
895 silly ADD node_modules/mime-types
896 silly ADD node_modules/mime-db
897 silly ADD node_modules/mime
898 silly ADD node_modules/methods
899 silly ADD node_modules/merge-descriptors
900 silly ADD node_modules/memory-pager
901 silly ADD node_modules/media-typer
902 silly ADD node_modules/make-dir
903 silly ADD node_modules/make-dir/node_modules/semver
904 silly ADD node_modules/lodash.once
905 silly ADD node_modules/lodash.isstring
906 silly ADD node_modules/lodash.isplainobject
907 silly ADD node_modules/lodash.isnumber
908 silly ADD node_modules/lodash.isinteger
909 silly ADD node_modules/lodash.isboolean
910 silly ADD node_modules/lodash.includes
911 silly ADD node_modules/kareem
912 silly ADD node_modules/jws
913 silly ADD node_modules/jwa
914 silly ADD node_modules/jsonwebtoken
915 silly ADD node_modules/jsonwebtoken/node_modules/ms
916 silly ADD node_modules/joi
917 silly ADD node_modules/is-fullwidth-code-point
918 silly ADD node_modules/ipaddr.js
919 silly ADD node_modules/inherits
920 silly ADD node_modules/inflight
921 silly ADD node_modules/iconv-lite
922 silly ADD node_modules/https-proxy-agent
923 silly ADD node_modules/https-proxy-agent/node_modules/ms
924 silly ADD node_modules/https-proxy-agent/node_modules/debug
925 silly ADD node_modules/http-errors
926 silly ADD node_modules/hasown
927 silly ADD node_modules/has-unicode
928 silly ADD node_modules/has-symbols
929 silly ADD node_modules/has-proto
930 silly ADD node_modules/has-property-descriptors
931 silly ADD node_modules/gopd
932 silly ADD node_modules/glob
933 silly ADD node_modules/get-intrinsic
934 silly ADD node_modules/gauge
935 silly ADD node_modules/function-bind
936 silly ADD node_modules/fs.realpath
937 silly ADD node_modules/fs-minipass
938 silly ADD node_modules/fs-minipass/node_modules/minipass
939 silly ADD node_modules/fresh
940 silly ADD node_modules/forwarded
941 silly ADD node_modules/finalhandler
942 silly ADD node_modules/express
943 silly ADD node_modules/etag
944 silly ADD node_modules/escape-html
945 silly ADD node_modules/es-errors
946 silly ADD node_modules/es-define-property
947 silly ADD node_modules/encodeurl
948 silly ADD node_modules/emoji-regex
949 silly ADD node_modules/ee-first
950 silly ADD node_modules/ecdsa-sig-formatter
951 silly ADD node_modules/dotenv
952 silly ADD node_modules/detect-libc
953 silly ADD node_modules/destroy
954 silly ADD node_modules/depd
955 silly ADD node_modules/delegates
956 silly ADD node_modules/define-data-property
957 silly ADD node_modules/debug
958 silly ADD node_modules/cors
959 silly ADD node_modules/cookie-signature
960 silly ADD node_modules/cookie
961 silly ADD node_modules/content-type
962 silly ADD node_modules/content-disposition
963 silly ADD node_modules/console-control-strings
964 silly ADD node_modules/concat-map
965 silly ADD node_modules/color-support
966 silly ADD node_modules/chownr
967 silly ADD node_modules/call-bind
968 silly ADD node_modules/bytes
969 silly ADD node_modules/buffer-equal-constant-time
970 silly ADD node_modules/bson
971 silly ADD node_modules/brace-expansion
972 silly ADD node_modules/body-parser
973 silly ADD node_modules/bcrypt
974 silly ADD node_modules/balanced-match
975 silly ADD node_modules/array-flatten
976 silly ADD node_modules/are-we-there-yet
977 silly ADD node_modules/aproba
978 silly ADD node_modules/ansi-regex
979 silly ADD node_modules/agent-base
980 silly ADD node_modules/agent-base/node_modules/ms
981 silly ADD node_modules/agent-base/node_modules/debug
982 silly ADD node_modules/accepts
983 silly ADD node_modules/abbrev
984 silly ADD node_modules/@types/whatwg-url
985 silly ADD node_modules/@types/webidl-conversions
986 silly ADD node_modules/@sideway/pinpoint
987 silly ADD node_modules/@sideway/formula
988 silly ADD node_modules/@sideway/address
989 silly ADD node_modules/@mongodb-js/saslprep
990 silly ADD node_modules/@mapbox/node-pre-gyp
991 silly ADD node_modules/@hapi/topo
992 silly ADD node_modules/@hapi/hoek
993 verbose cwd C:\Users\VARUN\OneDrive\Documents\New project\deploy-mern-app-1-main-fixed\backend
994 verbose os Windows_NT 10.0.26200
995 verbose node v22.20.0
996 verbose npm  v10.9.3
997 verbose exit 0
998 info ok
