0 verbose cli C:\Program Files\nodejs\node.exe C:\Program Files\nodejs\node_modules\npm\bin\npm-cli.js
1 info using npm@10.9.3
2 info using node@v22.20.0
3 silly config load:file:C:\Program Files\nodejs\node_modules\npm\npmrc
4 silly config load:file:C:\Users\VARUN\OneDrive\Documents\New project\deploy-mern-app-1-main-fixed\frontend\.npmrc
5 silly config load:file:C:\Users\VARUN\.npmrc
6 silly config load:file:C:\Users\VARUN\AppData\Roaming\npm\etc\npmrc
7 verbose title npm install
8 verbose argv "install" "--cache" "C:\\Users\\VARUN\\OneDrive\\Documents\\New project\\deploy-mern-app-1-main-fixed\\.npm-cache"
9 verbose logfile logs-max:10 dir:C:\Users\VARUN\OneDrive\Documents\New project\deploy-mern-app-1-main-fixed\.npm-cache\_logs\2026-03-22T19_08_00_723Z-
10 verbose logfile C:\Users\VARUN\OneDrive\Documents\New project\deploy-mern-app-1-main-fixed\.npm-cache\_logs\2026-03-22T19_08_00_723Z-debug-0.log
11 silly logfile done cleaning log files
12 silly packumentCache heap:4345298944 maxSize:1086324736 maxEntrySize:543162368
13 silly idealTree buildDeps
14 silly fetch manifest @testing-library/jest-dom@^6.6.3
15 silly packumentCache full:https://registry.npmjs.org/@testing-library%2fjest-dom cache-miss
16 verbose shrinkwrap failed to load node_modules/.package-lock.json out of date, updated: node_modules
17 http fetch GET 200 https://registry.npmjs.org/@testing-library%2fjest-dom 1329ms (cache miss)
18 silly packumentCache full:https://registry.npmjs.org/@testing-library%2fjest-dom set size:undefined disposed:false
19 silly fetch manifest @testing-library/react@^16.3.0
20 silly packumentCache full:https://registry.npmjs.org/@testing-library%2freact cache-miss
21 http fetch GET 200 https://registry.npmjs.org/@testing-library%2freact 376ms (cache miss)
22 silly packumentCache full:https://registry.npmjs.org/@testing-library%2freact set size:undefined disposed:false
23 silly fetch manifest @testing-library/dom@^10.0.0
24 silly packumentCache full:https://registry.npmjs.org/@testing-library%2fdom cache-miss
25 http fetch GET 200 https://registry.npmjs.org/@testing-library%2fdom 98ms (cache miss)
26 silly packumentCache full:https://registry.npmjs.org/@testing-library%2fdom set size:undefined disposed:false
27 silly fetch manifest @types/react@^18.0.0 || ^19.0.0
28 silly packumentCache full:https://registry.npmjs.org/@types%2freact cache-miss
29 http fetch GET 200 https://registry.npmjs.org/@types%2freact 110ms (cache miss)
30 silly packumentCache full:https://registry.npmjs.org/@types%2freact set size:undefined disposed:false
31 silly fetch manifest @types/react-dom@^18.0.0 || ^19.0.0
32 silly packumentCache full:https://registry.npmjs.org/@types%2freact-dom cache-miss
33 http fetch GET 200 https://registry.npmjs.org/@types%2freact-dom 67ms (cache miss)
34 silly packumentCache full:https://registry.npmjs.org/@types%2freact-dom set size:undefined disposed:false
35 silly fetch manifest react@^18.3.1
36 silly packumentCache full:https://registry.npmjs.org/react cache-miss
37 http fetch GET 200 https://registry.npmjs.org/react 132ms (cache miss)
38 silly packumentCache full:https://registry.npmjs.org/react set size:undefined disposed:false
39 silly fetch manifest react-dom@^18.3.1
40 silly packumentCache full:https://registry.npmjs.org/react-dom cache-miss
41 http fetch GET 200 https://registry.npmjs.org/react-dom 163ms (cache miss)
42 silly packumentCache full:https://registry.npmjs.org/react-dom set size:undefined disposed:false
43 silly fetch manifest @testing-library/user-event@^14.6.1
44 silly packumentCache full:https://registry.npmjs.org/@testing-library%2fuser-event cache-miss
45 http fetch GET 200 https://registry.npmjs.org/@testing-library%2fuser-event 572ms (cache miss)
46 silly packumentCache full:https://registry.npmjs.org/@testing-library%2fuser-event set size:undefined disposed:false
47 silly fetch manifest @testing-library/dom@>=7.21.4
48 silly packumentCache full:https://registry.npmjs.org/@testing-library%2fdom cache-miss
49 http cache https://registry.npmjs.org/@testing-library%2fdom 6ms (cache hit)
50 silly packumentCache full:https://registry.npmjs.org/@testing-library%2fdom set size:1097547 disposed:false
51 silly fetch manifest @babel/plugin-proposal-private-property-in-object@^7.21.11
52 silly packumentCache full:https://registry.npmjs.org/@babel%2fplugin-proposal-private-property-in-object cache-miss
53 http fetch GET 200 https://registry.npmjs.org/@babel%2fplugin-proposal-private-property-in-object 64ms (cache miss)
54 silly packumentCache full:https://registry.npmjs.org/@babel%2fplugin-proposal-private-property-in-object set size:undefined disposed:false
55 silly fetch manifest @babel/core@^7.0.0-0
56 silly packumentCache full:https://registry.npmjs.org/@babel%2fcore cache-miss
57 http fetch GET 200 https://registry.npmjs.org/@babel%2fcore 67ms (cache miss)
58 silly packumentCache full:https://registry.npmjs.org/@babel%2fcore set size:undefined disposed:false
59 silly placeDep ROOT @babel/plugin-proposal-private-property-in-object@7.21.11 REPLACE for: frontend@0.1.0 want: ^7.21.11
60 silly placeDep ROOT @testing-library/jest-dom@6.9.1 REPLACE for: frontend@0.1.0 want: ^6.6.3
61 silly placeDep ROOT @testing-library/react@16.3.2 REPLACE for: frontend@0.1.0 want: ^16.3.0
62 silly placeDep ROOT @testing-library/user-event@14.6.1 REPLACE for: frontend@0.1.0 want: ^14.6.1
63 silly fetch manifest picocolors@^1.1.1
64 silly packumentCache full:https://registry.npmjs.org/picocolors cache-miss
65 silly fetch manifest dom-accessibility-api@^0.6.3
66 silly packumentCache full:https://registry.npmjs.org/dom-accessibility-api cache-miss
67 http fetch GET 200 https://registry.npmjs.org/picocolors 55ms (cache miss)
68 silly packumentCache full:https://registry.npmjs.org/picocolors set size:undefined disposed:false
69 http fetch GET 200 https://registry.npmjs.org/dom-accessibility-api 137ms (cache miss)
70 silly packumentCache full:https://registry.npmjs.org/dom-accessibility-api set size:undefined disposed:false
71 silly fetch manifest @babel/plugin-proposal-private-property-in-object@7.21.0-placeholder-for-preset-env.2
72 silly packumentCache full:https://registry.npmjs.org/@babel%2fplugin-proposal-private-property-in-object cache-miss
73 http cache https://registry.npmjs.org/@babel%2fplugin-proposal-private-property-in-object 3ms (cache hit)
74 silly packumentCache full:https://registry.npmjs.org/@babel%2fplugin-proposal-private-property-in-object set size:80252 disposed:false
75 silly placeDep node_modules/@babel/preset-env @babel/plugin-proposal-private-property-in-object@7.21.0-placeholder-for-preset-env.2 OK for: @babel/preset-env@7.24.7 want: 7.21.0-placeholder-for-preset-env.2
76 silly placeDep node_modules/@testing-library/jest-dom dom-accessibility-api@0.6.3 OK for: @testing-library/jest-dom@6.9.1 want: ^0.6.3
77 silly placeDep ROOT picocolors@1.1.1 REPLACE for: @testing-library/jest-dom@6.9.1 want: ^1.1.1
78 silly reify mark retired [
78 silly reify   'C:\\Users\\VARUN\\OneDrive\\Documents\\New project\\deploy-mern-app-1-main-fixed\\frontend\\node_modules\\deep-equal'
78 silly reify ]
79 silly reify mark retired [
79 silly reify   'C:\\Users\\VARUN\\OneDrive\\Documents\\New project\\deploy-mern-app-1-main-fixed\\frontend\\node_modules\\es-get-iterator'
79 silly reify ]
80 silly reify mark retired [
80 silly reify   'C:\\Users\\VARUN\\OneDrive\\Documents\\New project\\deploy-mern-app-1-main-fixed\\frontend\\node_modules\\is-arguments'
80 silly reify ]
81 silly reify mark retired [
81 silly reify   'C:\\Users\\VARUN\\OneDrive\\Documents\\New project\\deploy-mern-app-1-main-fixed\\frontend\\node_modules\\object-is'
81 silly reify ]
82 silly reify mark retired [
82 silly reify   'C:\\Users\\VARUN\\OneDrive\\Documents\\New project\\deploy-mern-app-1-main-fixed\\frontend\\node_modules\\picocolors'
82 silly reify ]
83 silly reify mark retired [
83 silly reify   'C:\\Users\\VARUN\\OneDrive\\Documents\\New project\\deploy-mern-app-1-main-fixed\\frontend\\node_modules\\stop-iteration-iterator'
83 silly reify ]
84 silly reify mark retired [
84 silly reify   'C:\\Users\\VARUN\\OneDrive\\Documents\\New project\\deploy-mern-app-1-main-fixed\\frontend\\node_modules\\@babel\\plugin-proposal-private-property-in-object'
84 silly reify ]
85 silly reify mark retired [
85 silly reify   'C:\\Users\\VARUN\\OneDrive\\Documents\\New project\\deploy-mern-app-1-main-fixed\\frontend\\node_modules\\@jest\\expect-utils'
85 silly reify ]
86 silly reify mark retired [
86 silly reify   'C:\\Users\\VARUN\\OneDrive\\Documents\\New project\\deploy-mern-app-1-main-fixed\\frontend\\node_modules\\@testing-library\\user-event'
86 silly reify ]
87 silly reify mark retired [
87 silly reify   'C:\\Users\\VARUN\\OneDrive\\Documents\\New project\\deploy-mern-app-1-main-fixed\\frontend\\node_modules\\@testing-library\\react'
87 silly reify ]
88 silly reify mark retired [
88 silly reify   'C:\\Users\\VARUN\\OneDrive\\Documents\\New project\\deploy-mern-app-1-main-fixed\\frontend\\node_modules\\@testing-library\\jest-dom'
88 silly reify ]
89 silly reify mark retired [
89 silly reify   'C:\\Users\\VARUN\\OneDrive\\Documents\\New project\\deploy-mern-app-1-main-fixed\\frontend\\node_modules\\@types\\jest'
89 silly reify ]
90 silly reify mark retired [
90 silly reify   'C:\\Users\\VARUN\\OneDrive\\Documents\\New project\\deploy-mern-app-1-main-fixed\\frontend\\node_modules\\@types\\testing-library__jest-dom'
90 silly reify ]
91 silly reify moves {
91 silly reify   'C:\\Users\\VARUN\\OneDrive\\Documents\\New project\\deploy-mern-app-1-main-fixed\\frontend\\node_modules\\deep-equal': 'C:\\Users\\VARUN\\OneDrive\\Documents\\New project\\deploy-mern-app-1-main-fixed\\frontend\\node_modules\\.deep-equal-Kl6AdXzw',
91 silly reify   'C:\\Users\\VARUN\\OneDrive\\Documents\\New project\\deploy-mern-app-1-main-fixed\\frontend\\node_modules\\es-get-iterator': 'C:\\Users\\VARUN\\OneDrive\\Documents\\New project\\deploy-mern-app-1-main-fixed\\frontend\\node_modules\\.es-get-iterator-jX5kG0yK',
91 silly reify   'C:\\Users\\VARUN\\OneDrive\\Documents\\New project\\deploy-mern-app-1-main-fixed\\frontend\\node_modules\\is-arguments': 'C:\\Users\\VARUN\\OneDrive\\Documents\\New project\\deploy-mern-app-1-main-fixed\\frontend\\node_modules\\.is-arguments-BMzOTS7h',
91 silly reify   'C:\\Users\\VARUN\\OneDrive\\Documents\\New project\\deploy-mern-app-1-main-fixed\\frontend\\node_modules\\object-is': 'C:\\Users\\VARUN\\OneDrive\\Documents\\New project\\deploy-mern-app-1-main-fixed\\frontend\\node_modules\\.object-is-fbbqgh7t',
91 silly reify   'C:\\Users\\VARUN\\OneDrive\\Documents\\New project\\deploy-mern-app-1-main-fixed\\frontend\\node_modules\\picocolors': 'C:\\Users\\VARUN\\OneDrive\\Documents\\New project\\deploy-mern-app-1-main-fixed\\frontend\\node_modules\\.picocolors-kvjmY3LH',
91 silly reify   'C:\\Users\\VARUN\\OneDrive\\Documents\\New project\\deploy-mern-app-1-main-fixed\\frontend\\node_modules\\stop-iteration-iterator': 'C:\\Users\\VARUN\\OneDrive\\Documents\\New project\\deploy-mern-app-1-main-fixed\\frontend\\node_modules\\.stop-iteration-iterator-0ePDC0Am',
91 silly reify   'C:\\Users\\VARUN\\OneDrive\\Documents\\New project\\deploy-mern-app-1-main-fixed\\frontend\\node_modules\\@babel\\plugin-proposal-private-property-in-object': 'C:\\Users\\VARUN\\OneDrive\\Documents\\New project\\deploy-mern-app-1-main-fixed\\frontend\\node_modules\\@babel\\.plugin-proposal-private-property-in-object-D47fUVs5',
91 silly reify   'C:\\Users\\VARUN\\OneDrive\\Documents\\New project\\deploy-mern-app-1-main-fixed\\frontend\\node_modules\\@jest\\expect-utils': 'C:\\Users\\VARUN\\OneDrive\\Documents\\New project\\deploy-mern-app-1-main-fixed\\frontend\\node_modules\\@jest\\.expect-utils-kqGwjDbe',
91 silly reify   'C:\\Users\\VARUN\\OneDrive\\Documents\\New project\\deploy-mern-app-1-main-fixed\\frontend\\node_modules\\@testing-library\\user-event': 'C:\\Users\\VARUN\\OneDrive\\Documents\\New project\\deploy-mern-app-1-main-fixed\\frontend\\node_modules\\@testing-library\\.user-event-pdECsia0',
91 silly reify   'C:\\Users\\VARUN\\OneDrive\\Documents\\New project\\deploy-mern-app-1-main-fixed\\frontend\\node_modules\\@testing-library\\react': 'C:\\Users\\VARUN\\OneDrive\\Documents\\New project\\deploy-mern-app-1-main-fixed\\frontend\\node_modules\\@testing-library\\.react-mRRjxEJA',
91 silly reify   'C:\\Users\\VARUN\\OneDrive\\Documents\\New project\\deploy-mern-app-1-main-fixed\\frontend\\node_modules\\@testing-library\\jest-dom': 'C:\\Users\\VARUN\\OneDrive\\Documents\\New project\\deploy-mern-app-1-main-fixed\\frontend\\node_modules\\@testing-library\\.jest-dom-rrM5x92w',
91 silly reify   'C:\\Users\\VARUN\\OneDrive\\Documents\\New project\\deploy-mern-app-1-main-fixed\\frontend\\node_modules\\@types\\jest': 'C:\\Users\\VARUN\\OneDrive\\Documents\\New project\\deploy-mern-app-1-main-fixed\\frontend\\node_modules\\@types\\.jest-I6tAR3Kv',
91 silly reify   'C:\\Users\\VARUN\\OneDrive\\Documents\\New project\\deploy-mern-app-1-main-fixed\\frontend\\node_modules\\@types\\testing-library__jest-dom': 'C:\\Users\\VARUN\\OneDrive\\Documents\\New project\\deploy-mern-app-1-main-fixed\\frontend\\node_modules\\@types\\.testing-library__jest-dom-0A6kA3se'
91 silly reify }
92 silly audit bulk request {
92 silly audit   '@adobe/css-tools': [ '4.4.0' ],
92 silly audit   '@alloc/quick-lru': [ '5.2.0' ],
92 silly audit   '@ampproject/remapping': [ '2.3.0' ],
92 silly audit   '@babel/code-frame': [ '7.24.7' ],
92 silly audit   '@babel/compat-data': [ '7.24.7' ],
92 silly audit   '@babel/core': [ '7.24.7' ],
92 silly audit   semver: [ '6.3.1', '7.6.2' ],
92 silly audit   '@babel/eslint-parser': [ '7.24.7' ],
92 silly audit   'eslint-visitor-keys': [ '2.1.0', '3.4.3' ],
92 silly audit   '@babel/generator': [ '7.24.7' ],
92 silly audit   '@babel/helper-annotate-as-pure': [ '7.24.7' ],
92 silly audit   '@babel/helper-builder-binary-assignment-operator-visitor': [ '7.24.7' ],
92 silly audit   '@babel/helper-compilation-targets': [ '7.24.7' ],
92 silly audit   '@babel/helper-create-class-features-plugin': [ '7.24.7' ],
92 silly audit   '@babel/helper-create-regexp-features-plugin': [ '7.24.7' ],
92 silly audit   '@babel/helper-define-polyfill-provider': [ '0.6.2' ],
92 silly audit   '@babel/helper-environment-visitor': [ '7.24.7' ],
92 silly audit   '@babel/helper-function-name': [ '7.24.7' ],
92 silly audit   '@babel/helper-hoist-variables': [ '7.24.7' ],
92 silly audit   '@babel/helper-member-expression-to-functions': [ '7.24.7' ],
92 silly audit   '@babel/helper-module-imports': [ '7.24.7' ],
92 silly audit   '@babel/helper-module-transforms': [ '7.24.7' ],
92 silly audit   '@babel/helper-optimise-call-expression': [ '7.24.7' ],
92 silly audit   '@babel/helper-plugin-utils': [ '7.24.7' ],
92 silly audit   '@babel/helper-remap-async-to-generator': [ '7.24.7' ],
92 silly audit   '@babel/helper-replace-supers': [ '7.24.7' ],
92 silly audit   '@babel/helper-simple-access': [ '7.24.7' ],
92 silly audit   '@babel/helper-skip-transparent-expression-wrappers': [ '7.24.7' ],
92 silly audit   '@babel/helper-split-export-declaration': [ '7.24.7' ],
92 silly audit   '@babel/helper-string-parser': [ '7.24.7' ],
92 silly audit   '@babel/helper-validator-identifier': [ '7.24.7' ],
92 silly audit   '@babel/helper-validator-option': [ '7.24.7' ],
92 silly audit   '@babel/helper-wrap-function': [ '7.24.7' ],
92 silly audit   '@babel/helpers': [ '7.24.7' ],
92 silly audit   '@babel/highlight': [ '7.24.7' ],
92 silly audit   '@babel/parser': [ '7.24.7' ],
92 silly audit   '@babel/plugin-bugfix-firefox-class-in-computed-class-key': [ '7.24.7' ],
92 silly audit   '@babel/plugin-bugfix-safari-id-destructuring-collision-in-function-expression': [ '7.24.7' ],
92 silly audit   '@babel/plugin-bugfix-v8-spread-parameters-in-optional-chaining': [ '7.24.7' ],
92 silly audit   '@babel/plugin-bugfix-v8-static-class-fields-redefine-readonly': [ '7.24.7' ],
92 silly audit   '@babel/plugin-proposal-class-properties': [ '7.18.6' ],
92 silly audit   '@babel/plugin-proposal-decorators': [ '7.24.7' ],
92 silly audit   '@babel/plugin-proposal-nullish-coalescing-operator': [ '7.18.6' ],
92 silly audit   '@babel/plugin-proposal-numeric-separator': [ '7.18.6' ],
92 silly audit   '@babel/plugin-proposal-optional-chaining': [ '7.21.0' ],
92 silly audit   '@babel/plugin-proposal-private-methods': [ '7.18.6' ],
92 silly audit   '@babel/plugin-syntax-async-generators': [ '7.8.4' ],
92 silly audit   '@babel/plugin-syntax-bigint': [ '7.8.3' ],
92 silly audit   '@babel/plugin-syntax-class-properties': [ '7.12.13' ],
92 silly audit   '@babel/plugin-syntax-class-static-block': [ '7.14.5' ],
92 silly audit   '@babel/plugin-syntax-decorators': [ '7.24.7' ],
92 silly audit   '@babel/plugin-syntax-dynamic-import': [ '7.8.3' ],
92 silly audit   '@babel/plugin-syntax-export-namespace-from': [ '7.8.3' ],
92 silly audit   '@babel/plugin-syntax-flow': [ '7.24.7' ],
92 silly audit   '@babel/plugin-syntax-import-assertions': [ '7.24.7' ],
92 silly audit   '@babel/plugin-syntax-import-attributes': [ '7.24.7' ],
92 silly audit   '@babel/plugin-syntax-import-meta': [ '7.10.4' ],
92 silly audit   '@babel/plugin-syntax-json-strings': [ '7.8.3' ],
92 silly audit   '@babel/plugin-syntax-jsx': [ '7.24.7' ],
92 silly audit   '@babel/plugin-syntax-logical-assignment-operators': [ '7.10.4' ],
92 silly audit   '@babel/plugin-syntax-nullish-coalescing-operator': [ '7.8.3' ],
92 silly audit   '@babel/plugin-syntax-numeric-separator': [ '7.10.4' ],
92 silly audit   '@babel/plugin-syntax-object-rest-spread': [ '7.8.3' ],
92 silly audit   '@babel/plugin-syntax-optional-catch-binding': [ '7.8.3' ],
92 silly audit   '@babel/plugin-syntax-optional-chaining': [ '7.8.3' ],
92 silly audit   '@babel/plugin-syntax-private-property-in-object': [ '7.14.5' ],
92 silly audit   '@babel/plugin-syntax-top-level-await': [ '7.14.5' ],
92 silly audit   '@babel/plugin-syntax-typescript': [ '7.24.7' ],
92 silly audit   '@babel/plugin-syntax-unicode-sets-regex': [ '7.18.6' ],
92 silly audit   '@babel/plugin-transform-arrow-functions': [ '7.24.7' ],
92 silly audit   '@babel/plugin-transform-async-generator-functions': [ '7.24.7' ],
92 silly audit   '@babel/plugin-transform-async-to-generator': [ '7.24.7' ],
92 silly audit   '@babel/plugin-transform-block-scoped-functions': [ '7.24.7' ],
92 silly audit   '@babel/plugin-transform-block-scoping': [ '7.24.7' ],
92 silly audit   '@babel/plugin-transform-class-properties': [ '7.24.7' ],
92 silly audit   '@babel/plugin-transform-class-static-block': [ '7.24.7' ],
92 silly audit   '@babel/plugin-transform-classes': [ '7.24.7' ],
92 silly audit   '@babel/plugin-transform-computed-properties': [ '7.24.7' ],
92 silly audit   '@babel/plugin-transform-destructuring': [ '7.24.7' ],
92 silly audit   '@babel/plugin-transform-dotall-regex': [ '7.24.7' ],
92 silly audit   '@babel/plugin-transform-duplicate-keys': [ '7.24.7' ],
92 silly audit   '@babel/plugin-transform-dynamic-import': [ '7.24.7' ],
92 silly audit   '@babel/plugin-transform-exponentiation-operator': [ '7.24.7' ],
92 silly audit   '@babel/plugin-transform-export-namespace-from': [ '7.24.7' ],
92 silly audit   '@babel/plugin-transform-flow-strip-types': [ '7.24.7' ],
92 silly audit   '@babel/plugin-transform-for-of': [ '7.24.7' ],
92 silly audit   '@babel/plugin-transform-function-name': [ '7.24.7' ],
92 silly audit   '@babel/plugin-transform-json-strings': [ '7.24.7' ],
92 silly audit   '@babel/plugin-transform-literals': [ '7.24.7' ],
92 silly audit   '@babel/plugin-transform-logical-assignment-operators': [ '7.24.7' ],
92 silly audit   '@babel/plugin-transform-member-expression-literals': [ '7.24.7' ],
92 silly audit   '@babel/plugin-transform-modules-amd': [ '7.24.7' ],
92 silly audit   '@babel/plugin-transform-modules-commonjs': [ '7.24.7' ],
92 silly audit   '@babel/plugin-transform-modules-systemjs': [ '7.24.7' ],
92 silly audit   '@babel/plugin-transform-modules-umd': [ '7.24.7' ],
92 silly audit   '@babel/plugin-transform-named-capturing-groups-regex': [ '7.24.7' ],
92 silly audit   '@babel/plugin-transform-new-target': [ '7.24.7' ],
92 silly audit   '@babel/plugin-transform-nullish-coalescing-operator': [ '7.24.7' ],
92 silly audit   '@babel/plugin-transform-numeric-separator': [ '7.24.7' ],
92 silly audit   '@babel/plugin-transform-object-rest-spread': [ '7.24.7' ],
92 silly audit   '@babel/plugin-transform-object-super': [ '7.24.7' ],
92 silly audit   '@babel/plugin-transform-optional-catch-binding': [ '7.24.7' ],
92 silly audit   '@babel/plugin-transform-optional-chaining': [ '7.24.7' ],
92 silly audit   '@babel/plugin-transform-parameters': [ '7.24.7' ],
92 silly audit   '@babel/plugin-transform-private-methods': [ '7.24.7' ],
92 silly audit   '@babel/plugin-transform-private-property-in-object': [ '7.24.7' ],
92 silly audit   '@babel/plugin-transform-property-literals': [ '7.24.7' ],
92 silly audit   '@babel/plugin-transform-react-constant-elements': [ '7.24.7' ],
92 silly audit   '@babel/plugin-transform-react-display-name': [ '7.24.7' ],
92 silly audit   '@babel/plugin-transform-react-jsx': [ '7.24.7' ],
92 silly audit   '@babel/plugin-transform-react-jsx-development': [ '7.24.7' ],
92 silly audit   '@babel/plugin-transform-react-pure-annotations': [ '7.24.7' ],
92 silly audit   '@babel/plugin-transform-regenerator': [ '7.24.7' ],
92 silly audit   '@babel/plugin-transform-reserved-words': [ '7.24.7' ],
92 silly audit   '@babel/plugin-transform-runtime': [ '7.24.7' ],
92 silly audit   '@babel/plugin-transform-shorthand-properties': [ '7.24.7' ],
92 silly audit   '@babel/plugin-transform-spread': [ '7.24.7' ],
92 silly audit   '@babel/plugin-transform-sticky-regex': [ '7.24.7' ],
92 silly audit   '@babel/plugin-transform-template-literals': [ '7.24.7' ],
92 silly audit   '@babel/plugin-transform-typeof-symbol': [ '7.24.7' ],
92 silly audit   '@babel/plugin-transform-typescript': [ '7.24.7' ],
92 silly audit   '@babel/plugin-transform-unicode-escapes': [ '7.24.7' ],
92 silly audit   '@babel/plugin-transform-unicode-property-regex': [ '7.24.7' ],
92 silly audit   '@babel/plugin-transform-unicode-regex': [ '7.24.7' ],
92 silly audit   '@babel/plugin-transform-unicode-sets-regex': [ '7.24.7' ],
92 silly audit   '@babel/preset-env': [ '7.24.7' ],
92 silly audit   '@babel/preset-modules': [ '0.1.6-no-external-plugins' ],
92 silly audit   '@babel/preset-react': [ '7.24.7' ],
92 silly audit   '@babel/preset-typescript': [ '7.24.7' ],
92 silly audit   '@babel/regjsgen': [ '0.8.0' ],
92 silly audit   '@babel/runtime': [ '7.24.7' ],
92 silly audit   '@babel/template': [ '7.24.7' ],
92 silly audit   '@babel/traverse': [ '7.24.7' ],
92 silly audit   '@babel/types': [ '7.24.7' ],
92 silly audit   '@bcoe/v8-coverage': [ '0.2.3' ],
92 silly audit   '@csstools/normalize.css': [ '12.1.1' ],
92 silly audit   '@csstools/postcss-cascade-layers': [ '1.1.1' ],
92 silly audit   '@csstools/postcss-color-function': [ '1.1.1' ],
92 silly audit   '@csstools/postcss-font-format-keywords': [ '1.0.1' ],
92 silly audit   '@csstools/postcss-hwb-function': [ '1.0.2' ],
92 silly audit   '@csstools/postcss-ic-unit': [ '1.0.1' ],
92 silly audit   '@csstools/postcss-is-pseudo-class': [ '2.0.7' ],
92 silly audit   '@csstools/postcss-nested-calc': [ '1.0.0' ],
92 silly audit   '@csstools/postcss-normalize-display-values': [ '1.0.1' ],
92 silly audit   '@csstools/postcss-oklab-function': [ '1.1.1' ],
92 silly audit   '@csstools/postcss-progressive-custom-properties': [ '1.3.0' ],
92 silly audit   '@csstools/postcss-stepped-value-functions': [ '1.0.1' ],
92 silly audit   '@csstools/postcss-text-decoration-shorthand': [ '1.0.0' ],
92 silly audit   '@csstools/postcss-trigonometric-functions': [ '1.0.2' ],
92 silly audit   '@csstools/postcss-unset-value': [ '1.0.2' ],
92 silly audit   '@csstools/selector-specificity': [ '2.2.0' ],
92 silly audit   '@eslint-community/eslint-utils': [ '4.4.0' ],
92 silly audit   '@eslint-community/regexpp': [ '4.10.1' ],
92 silly audit   '@eslint/eslintrc': [ '2.1.4' ],
92 silly audit   argparse: [ '2.0.1', '1.0.10' ],
92 silly audit   globals: [ '13.24.0', '11.12.0' ],
92 silly audit   'js-yaml': [ '4.1.0', '3.14.1' ],
92 silly audit   'type-fest': [ '0.20.2', '0.16.0', '0.21.3' ],
92 silly audit   '@eslint/js': [ '8.57.0' ],
92 silly audit   '@humanwhocodes/config-array': [ '0.11.14' ],
92 silly audit   '@humanwhocodes/module-importer': [ '1.0.1' ],
92 silly audit   '@humanwhocodes/object-schema': [ '2.0.3' ],
92 silly audit   '@isaacs/cliui': [ '8.0.2' ],
92 silly audit   'ansi-regex': [ '6.0.1', '5.0.1' ],
92 silly audit   'ansi-styles': [ '6.2.1', '4.3.0', '3.2.1', '5.2.0' ],
92 silly audit   'string-width': [ '5.1.2', '4.2.3' ],
92 silly audit   'strip-ansi': [ '7.1.0', '6.0.1' ],
92 silly audit   'wrap-ansi': [ '8.1.0', '7.0.0' ],
92 silly audit   '@istanbuljs/load-nyc-config': [ '1.1.0' ],
92 silly audit   camelcase: [ '5.3.1', '6.3.0' ],
92 silly audit   '@istanbuljs/schema': [ '0.1.3' ],
92 silly audit   '@jest/console': [ '27.5.1', '28.1.3' ],
92 silly audit   chalk: [ '4.1.2', '2.4.2' ],
92 silly audit   'color-convert': [ '2.0.1', '1.9.3' ],
92 silly audit   'color-name': [ '1.1.4', '1.1.3' ],
92 silly audit   'has-flag': [ '4.0.0', '3.0.0' ],
92 silly audit   'supports-color': [ '7.2.0', '8.1.1', '5.5.0' ],
92 silly audit   '@jest/core': [ '27.5.1' ],
92 silly audit   '@jest/environment': [ '27.5.1' ],
92 silly audit   'jest-get-type': [ '27.5.1' ],
92 silly audit   '@jest/fake-timers': [ '27.5.1' ],
92 silly audit   '@jest/globals': [ '27.5.1' ],
92 silly audit   '@jest/reporters': [ '27.5.1' ],
92 silly audit   'source-map': [ '0.6.1', '0.7.4', '0.8.0-beta.0' ],
92 silly audit   '@jest/schemas': [ '28.1.3' ],
92 silly audit   '@jest/source-map': [ '27.5.1' ],
92 silly audit   '@jest/test-result': [ '27.5.1', '28.1.3' ],
92 silly audit   '@jest/test-sequencer': [ '27.5.1' ],
92 silly audit   '@jest/transform': [ '27.5.1' ],
92 silly audit   'convert-source-map': [ '1.9.0', '2.0.0' ],
92 silly audit   '@jest/types': [ '27.5.1', '28.1.3' ],
92 silly audit   '@jridgewell/gen-mapping': [ '0.3.5' ],
92 silly audit   '@jridgewell/resolve-uri': [ '3.1.2' ],
92 silly audit   '@jridgewell/set-array': [ '1.2.1' ],
92 silly audit   '@jridgewell/source-map': [ '0.3.6' ],
92 silly audit   '@jridgewell/sourcemap-codec': [ '1.4.15' ],
92 silly audit   '@jridgewell/trace-mapping': [ '0.3.25' ],
92 silly audit   '@leichtgewicht/ip-codec': [ '2.0.5' ],
92 silly audit   '@nicolo-ribaudo/eslint-scope-5-internals': [ '5.1.1-v1' ],
92 silly audit   'eslint-scope': [ '5.1.1', '7.2.2' ],
92 silly audit   estraverse: [ '4.3.0', '5.3.0' ],
92 silly audit   '@nodelib/fs.scandir': [ '2.1.5' ],
92 silly audit   '@nodelib/fs.stat': [ '2.0.5' ],
92 silly audit   '@nodelib/fs.walk': [ '1.2.8' ],
92 silly audit   '@pkgjs/parseargs': [ '0.11.0' ],
92 silly audit   '@pmmmwh/react-refresh-webpack-plugin': [ '0.5.15' ],
92 silly audit   '@remix-run/router': [ '1.16.1' ],
92 silly audit   '@rollup/plugin-babel': [ '5.3.1' ],
92 silly audit   '@rollup/plugin-node-resolve': [ '11.2.1' ],
92 silly audit   '@rollup/plugin-replace': [ '2.4.2' ],
92 silly audit   '@rollup/pluginutils': [ '3.1.0' ],
92 silly audit   '@types/estree': [ '0.0.39', '1.0.5' ],
92 silly audit   '@rushstack/eslint-patch': [ '1.10.3' ],
92 silly audit   '@sinclair/typebox': [ '0.24.51' ],
92 silly audit   '@sinonjs/commons': [ '1.8.6' ],
92 silly audit   '@sinonjs/fake-timers': [ '8.1.0' ],
92 silly audit   '@surma/rollup-plugin-off-main-thread': [ '2.2.3' ],
92 silly audit   '@svgr/babel-plugin-add-jsx-attribute': [ '5.4.0' ],
92 silly audit   '@svgr/babel-plugin-remove-jsx-attribute': [ '5.4.0' ],
92 silly audit   '@svgr/babel-plugin-remove-jsx-empty-expression': [ '5.0.1' ],
92 silly audit   '@svgr/babel-plugin-replace-jsx-attribute-value': [ '5.0.1' ],
92 silly audit   '@svgr/babel-plugin-svg-dynamic-title': [ '5.4.0' ],
92 silly audit   '@svgr/babel-plugin-svg-em-dimensions': [ '5.4.0' ],
92 silly audit   '@svgr/babel-plugin-transform-react-native-svg': [ '5.4.0' ],
92 silly audit   '@svgr/babel-plugin-transform-svg-component': [ '5.5.0' ],
92 silly audit   '@svgr/babel-preset': [ '5.5.0' ],
92 silly audit   '@svgr/core': [ '5.5.0' ],
92 silly audit   '@svgr/hast-util-to-babel-ast': [ '5.5.0' ],
92 silly audit   '@svgr/plugin-jsx': [ '5.5.0' ],
92 silly audit   '@svgr/plugin-svgo': [ '5.5.0' ],
92 silly audit   '@svgr/webpack': [ '5.5.0' ],
92 silly audit   '@testing-library/dom': [ '10.1.0' ],
92 silly audit   'aria-query': [ '5.3.0' ],
92 silly audit   '@tootallnate/once': [ '1.1.2' ],
92 silly audit   '@trysound/sax': [ '0.2.0' ],
92 silly audit   '@types/aria-query': [ '5.0.4' ],
92 silly audit   '@types/babel__core': [ '7.20.5' ],
92 silly audit   '@types/babel__generator': [ '7.6.8' ],
92 silly audit   '@types/babel__template': [ '7.4.4' ],
92 silly audit   '@types/babel__traverse': [ '7.20.6' ],
92 silly audit   '@types/body-parser': [ '1.19.5' ],
92 silly audit   '@types/bonjour': [ '3.5.13' ],
92 silly audit   '@types/connect': [ '3.4.38' ],
92 silly audit   '@types/connect-history-api-fallback': [ '1.5.4' ],
92 silly audit   '@types/eslint': [ '8.56.10' ],
92 silly audit   '@types/eslint-scope': [ '3.7.7' ],
92 silly audit   '@types/express': [ '4.17.21' ],
92 silly audit   '@types/express-serve-static-core': [ '4.19.3' ],
92 silly audit   '@types/graceful-fs': [ '4.1.9' ],
92 silly audit   '@types/html-minifier-terser': [ '6.1.0' ],
92 silly audit   '@types/http-errors': [ '2.0.4' ],
92 silly audit   '@types/http-proxy': [ '1.17.14' ],
92 silly audit   '@types/istanbul-lib-coverage': [ '2.0.6' ],
92 silly audit   '@types/istanbul-lib-report': [ '3.0.3' ],
92 silly audit   '@types/istanbul-reports': [ '3.0.4' ],
92 silly audit   '@types/yargs': [ '16.0.9', '17.0.32' ],
92 silly audit   'diff-sequences': [ '27.5.1' ],
92 silly audit   expect: [ '27.5.1' ],
92 silly audit   'jest-diff': [ '27.5.1' ],
92 silly audit   'jest-matcher-utils': [ '27.5.1' ],
92 silly audit   'jest-message-util': [ '27.5.1', '28.1.3' ],
92 silly audit   'jest-util': [ '27.5.1', '28.1.3' ],
92 silly audit   'pretty-format': [ '28.1.3', '27.5.1' ],
92 silly audit   'react-is': [ '18.3.1', '16.13.1', '17.0.2' ],
92 silly audit   '@types/json-schema': [ '7.0.15' ],
92 silly audit   '@types/json5': [ '0.0.29' ],
92 silly audit   '@types/mime': [ '1.3.5' ],
92 silly audit   '@types/node': [ '20.14.2' ],
92 silly audit   '@types/node-forge': [ '1.3.11' ],
92 silly audit   '@types/parse-json': [ '4.0.2' ],
92 silly audit   '@types/prettier': [ '2.7.3' ],
92 silly audit   '@types/prop-types': [ '15.7.12' ],
92 silly audit   '@types/q': [ '1.5.8' ],
92 silly audit   '@types/qs': [ '6.9.15' ],
92 silly audit   '@types/range-parser': [ '1.2.7' ],
92 silly audit   '@types/react': [ '18.3.3' ],
92 silly audit   '@types/react-dom': [ '18.3.0' ],
92 silly audit   '@types/resolve': [ '1.17.1' ],
92 silly audit   '@types/retry': [ '0.12.0' ],
92 silly audit   '@types/semver': [ '7.5.8' ],
92 silly audit   '@types/send': [ '0.17.4' ],
92 silly audit   '@types/serve-index': [ '1.9.4' ],
92 silly audit   '@types/serve-static': [ '1.15.7' ],
92 silly audit   '@types/sockjs': [ '0.3.36' ],
92 silly audit   '@types/stack-utils': [ '2.0.3' ],
92 silly audit   '@types/trusted-types': [ '2.0.7' ],
92 silly audit   '@types/ws': [ '8.5.10' ],
92 silly audit   '@types/yargs-parser': [ '21.0.3' ],
92 silly audit   '@typescript-eslint/eslint-plugin': [ '5.62.0' ],
92 silly audit   '@typescript-eslint/experimental-utils': [ '5.62.0' ],
92 silly audit   '@typescript-eslint/parser': [ '5.62.0' ],
92 silly audit   '@typescript-eslint/scope-manager': [ '5.62.0' ],
92 silly audit   '@typescript-eslint/type-utils': [ '5.62.0' ],
92 silly audit   '@typescript-eslint/types': [ '5.62.0' ],
92 silly audit   '@typescript-eslint/typescript-estree': [ '5.62.0' ],
92 silly audit   '@typescript-eslint/utils': [ '5.62.0' ],
92 silly audit   '@typescript-eslint/visitor-keys': [ '5.62.0' ],
92 silly audit   '@ungap/structured-clone': [ '1.2.0' ],
92 silly audit   '@webassemblyjs/ast': [ '1.12.1' ],
92 silly audit   '@webassemblyjs/floating-point-hex-parser': [ '1.11.6' ],
92 silly audit   '@webassemblyjs/helper-api-error': [ '1.11.6' ],
92 silly audit   '@webassemblyjs/helper-buffer': [ '1.12.1' ],
92 silly audit   '@webassemblyjs/helper-numbers': [ '1.11.6' ],
92 silly audit   '@webassemblyjs/helper-wasm-bytecode': [ '1.11.6' ],
92 silly audit   '@webassemblyjs/helper-wasm-section': [ '1.12.1' ],
92 silly audit   '@webassemblyjs/ieee754': [ '1.11.6' ],
92 silly audit   '@webassemblyjs/leb128': [ '1.11.6' ],
92 silly audit   '@webassemblyjs/utf8': [ '1.11.6' ],
92 silly audit   '@webassemblyjs/wasm-edit': [ '1.12.1' ],
92 silly audit   '@webassemblyjs/wasm-gen': [ '1.12.1' ],
92 silly audit   '@webassemblyjs/wasm-opt': [ '1.12.1' ],
92 silly audit   '@webassemblyjs/wasm-parser': [ '1.12.1' ],
92 silly audit   '@webassemblyjs/wast-printer': [ '1.12.1' ],
92 silly audit   '@xtuc/ieee754': [ '1.2.0' ],
92 silly audit   '@xtuc/long': [ '4.2.2' ],
92 silly audit   abab: [ '2.0.6' ],
92 silly audit   accepts: [ '1.3.8' ],
92 silly audit   acorn: [ '8.11.3', '7.4.1' ],
92 silly audit   'acorn-globals': [ '6.0.0' ],
92 silly audit   'acorn-import-assertions': [ '1.9.0' ],
92 silly audit   'acorn-jsx': [ '5.3.2' ],
92 silly audit   'acorn-walk': [ '7.2.0' ],
92 silly audit   address: [ '1.2.2' ],
92 silly audit   'adjust-sourcemap-loader': [ '4.0.0' ],
92 silly audit   'agent-base': [ '6.0.2' ],
92 silly audit   ajv: [ '6.12.6', '8.16.0' ],
92 silly audit   'ajv-formats': [ '2.1.1' ],
92 silly audit   'json-schema-traverse': [ '1.0.0', '0.4.1' ],
92 silly audit   'ajv-keywords': [ '3.5.2', '5.1.0' ],
92 silly audit   'ansi-escapes': [ '4.3.2' ],
92 silly audit   'ansi-html': [ '0.0.9' ],
92 silly audit   'ansi-html-community': [ '0.0.8' ],
92 silly audit   'any-promise': [ '1.3.0' ],
92 silly audit   anymatch: [ '3.1.3' ],
92 silly audit   arg: [ '5.0.2' ],
92 silly audit   'array-buffer-byte-length': [ '1.0.1' ],
92 silly audit   'array-flatten': [ '1.1.1' ],
92 silly audit   'array-includes': [ '3.1.8' ],
92 silly audit   'array-union': [ '2.1.0' ],
92 silly audit   'array.prototype.findlast': [ '1.2.5' ],
92 silly audit   'array.prototype.findlastindex': [ '1.2.5' ],
92 silly audit   'array.prototype.flat': [ '1.3.2' ],
92 silly audit   'array.prototype.flatmap': [ '1.3.2' ],
92 silly audit   'array.prototype.reduce': [ '1.0.7' ],
92 silly audit   'array.prototype.toreversed': [ '1.1.2' ],
92 silly audit   'array.prototype.tosorted': [ '1.1.4' ],
92 silly audit   'arraybuffer.prototype.slice': [ '1.0.3' ],
92 silly audit   asap: [ '2.0.6' ],
92 silly audit   'ast-types-flow': [ '0.0.8' ],
92 silly audit   async: [ '3.2.5' ],
92 silly audit   asynckit: [ '0.4.0' ],
92 silly audit   'at-least-node': [ '1.0.0' ],
92 silly audit   autoprefixer: [ '10.4.19' ],
92 silly audit   'available-typed-arrays': [ '1.0.7' ],
92 silly audit   'axe-core': [ '4.7.0' ],
92 silly audit   'axobject-query': [ '3.2.1' ],
92 silly audit   'babel-jest': [ '27.5.1' ],
92 silly audit   'babel-loader': [ '8.3.0' ],
92 silly audit   'schema-utils': [ '2.7.1', '3.3.0', '2.7.0', '4.2.0' ],
92 silly audit   'babel-plugin-istanbul': [ '6.1.1' ],
92 silly audit   'babel-plugin-jest-hoist': [ '27.5.1' ],
92 silly audit   'babel-plugin-macros': [ '3.1.0' ],
92 silly audit   'babel-plugin-named-asset-import': [ '0.3.8' ],
92 silly audit   'babel-plugin-polyfill-corejs2': [ '0.4.11' ],
92 silly audit   'babel-plugin-polyfill-corejs3': [ '0.10.4' ],
92 silly audit   'babel-plugin-polyfill-regenerator': [ '0.6.2' ],
92 silly audit   'babel-plugin-transform-react-remove-prop-types': [ '0.4.24' ],
92 silly audit   'babel-preset-current-node-syntax': [ '1.0.1' ],
92 silly audit   'babel-preset-jest': [ '27.5.1' ],
92 silly audit   'babel-preset-react-app': [ '10.0.1' ],
92 silly audit   'balanced-match': [ '1.0.2' ],
92 silly audit   batch: [ '0.6.1' ],
92 silly audit   bfj: [ '7.1.0' ],
92 silly audit   'big.js': [ '5.2.2' ],
92 silly audit   'binary-extensions': [ '2.3.0' ],
92 silly audit   bluebird: [ '3.7.2' ],
92 silly audit   'body-parser': [ '1.20.2' ],
92 silly audit   bytes: [ '3.1.2', '3.0.0' ],
92 silly audit   debug: [ '2.6.9', '4.3.5', '3.2.7' ],
92 silly audit   'iconv-lite': [ '0.4.24', '0.6.3' ],
92 silly audit   ms: [ '2.0.0', '2.1.2', '2.1.3' ],
92 silly audit   'bonjour-service': [ '1.2.1' ],
92 silly audit   boolbase: [ '1.0.0' ],
92 silly audit   'brace-expansion': [ '1.1.11', '2.0.1' ],
92 silly audit   braces: [ '3.0.3' ],
92 silly audit   'browser-process-hrtime': [ '1.0.0' ],
92 silly audit   browserslist: [ '4.23.1' ],
92 silly audit   bser: [ '2.1.1' ],
92 silly audit   'buffer-from': [ '1.1.2' ],
92 silly audit   'builtin-modules': [ '3.3.0' ],
92 silly audit   'call-bind': [ '1.0.7' ],
92 silly audit   callsites: [ '3.1.0' ],
92 silly audit   'camel-case': [ '4.1.2' ],
92 silly audit   'camelcase-css': [ '2.0.1' ],
92 silly audit   'caniuse-api': [ '3.0.0' ],
92 silly audit   'caniuse-lite': [ '1.0.30001629' ],
92 silly audit   'case-sensitive-paths-webpack-plugin': [ '2.4.0' ],
92 silly audit   'char-regex': [ '1.0.2', '2.0.1' ],
92 silly audit   'check-types': [ '11.2.3' ],
92 silly audit   chokidar: [ '3.6.0' ],
92 silly audit   'glob-parent': [ '5.1.2', '6.0.2' ],
92 silly audit   'chrome-trace-event': [ '1.0.4' ],
92 silly audit   'ci-info': [ '3.9.0' ],
92 silly audit   'cjs-module-lexer': [ '1.3.1' ],
92 silly audit   'clean-css': [ '5.3.3' ],
92 silly audit   cliui: [ '7.0.4' ],
92 silly audit   clsx: [ '2.1.1' ],
92 silly audit   co: [ '4.6.0' ],
92 silly audit   coa: [ '2.0.2' ],
92 silly audit   'collect-v8-coverage': [ '1.0.2' ],
92 silly audit   colord: [ '2.9.3' ],
92 silly audit   colorette: [ '2.0.20' ],
92 silly audit   'combined-stream': [ '1.0.8' ],
92 silly audit   commander: [ '8.3.0', '7.2.0', '4.1.1', '2.20.3' ],
92 silly audit   'common-tags': [ '1.8.2' ],
92 silly audit   commondir: [ '1.0.1' ],
92 silly audit   compressible: [ '2.0.18' ],
92 silly audit   compression: [ '1.7.4' ],
92 silly audit   'safe-buffer': [ '5.1.2', '5.2.1' ],
92 silly audit   'concat-map': [ '0.0.1' ],
92 silly audit   'confusing-browser-globals': [ '1.0.11' ],
92 silly audit   'connect-history-api-fallback': [ '2.0.0' ],
92 silly audit   'content-disposition': [ '0.5.4' ],
92 silly audit   'content-type': [ '1.0.5' ],
92 silly audit   cookie: [ '0.6.0' ],
92 silly audit   'cookie-signature': [ '1.0.6' ],
92 silly audit   'core-js': [ '3.37.1' ],
92 silly audit   'core-js-compat': [ '3.37.1' ],
92 silly audit   'core-js-pure': [ '3.37.1' ],
92 silly audit   'core-util-is': [ '1.0.3' ],
92 silly audit   cosmiconfig: [ '7.1.0', '6.0.0' ],
92 silly audit   'cross-spawn': [ '7.0.3' ],
92 silly audit   'crypto-random-string': [ '2.0.0' ],
92 silly audit   'css-blank-pseudo': [ '3.0.3' ],
92 silly audit   'css-declaration-sorter': [ '6.4.1' ],
92 silly audit   'css-has-pseudo': [ '3.0.4' ],
92 silly audit   'css-loader': [ '6.11.0' ],
92 silly audit   'css-minimizer-webpack-plugin': [ '3.4.1' ],
92 silly audit   'css-prefers-color-scheme': [ '6.0.3' ],
92 silly audit   'css-select': [ '4.3.0', '2.1.0' ],
92 silly audit   'css-select-base-adapter': [ '0.1.1' ],
92 silly audit   'css-tree': [ '1.0.0-alpha.37', '1.1.3' ],
92 silly audit   'css-what': [ '6.1.0', '3.4.2' ],
92 silly audit   'css.escape': [ '1.5.1' ],
92 silly audit   cssdb: [ '7.11.2' ],
92 silly audit   cssesc: [ '3.0.0' ],
92 silly audit   cssnano: [ '5.1.15' ],
92 silly audit   'cssnano-preset-default': [ '5.2.14' ],
92 silly audit   'cssnano-utils': [ '3.1.0' ],
92 silly audit   csso: [ '4.2.0' ],
92 silly audit   'mdn-data': [ '2.0.14', '2.0.4' ],
92 silly audit   cssom: [ '0.4.4', '0.3.8' ],
92 silly audit   cssstyle: [ '2.3.0' ],
92 silly audit   csstype: [ '3.1.3' ],
92 silly audit   'damerau-levenshtein': [ '1.0.8' ],
92 silly audit   'data-urls': [ '2.0.0' ],
92 silly audit   'data-view-buffer': [ '1.0.1' ],
92 silly audit   'data-view-byte-length': [ '1.0.1' ],
92 silly audit   'data-view-byte-offset': [ '1.0.0' ],
92 silly audit   'decimal.js': [ '10.4.3' ],
92 silly audit   dedent: [ '0.7.0' ],
92 silly audit   'deep-is': [ '0.1.4' ],
92 silly audit   deepmerge: [ '4.3.1' ],
92 silly audit   'default-gateway': [ '6.0.3' ],
92 silly audit   'define-data-property': [ '1.1.4' ],
92 silly audit   'define-lazy-prop': [ '2.0.0' ],
92 silly audit   'define-properties': [ '1.2.1' ],
92 silly audit   'delayed-stream': [ '1.0.0' ],
92 silly audit   depd: [ '2.0.0', '1.1.2' ],
92 silly audit   dequal: [ '2.0.3' ],
92 silly audit   destroy: [ '1.2.0' ],
92 silly audit   'detect-newline': [ '3.1.0' ],
92 silly audit   'detect-node': [ '2.1.0' ],
92 silly audit   'detect-port-alt': [ '1.1.6' ],
92 silly audit   didyoumean: [ '1.2.2' ],
92 silly audit   'dir-glob': [ '3.0.1' ],
92 silly audit   dlv: [ '1.1.3' ],
92 silly audit   'dns-packet': [ '5.6.1' ],
92 silly audit   doctrine: [ '3.0.0', '2.1.0' ],
92 silly audit   'dom-accessibility-api': [ '0.5.16', '0.6.3' ],
92 silly audit   'dom-converter': [ '0.2.0' ],
92 silly audit   'dom-serializer': [ '1.4.1', '0.2.2' ],
92 silly audit   domelementtype: [ '2.3.0', '1.3.1' ],
92 silly audit   domexception: [ '2.0.1' ],
92 silly audit   'webidl-conversions': [ '5.0.0', '6.1.0', '4.0.2' ],
92 silly audit   domhandler: [ '4.3.1' ],
92 silly audit   domutils: [ '2.8.0', '1.7.0' ],
92 silly audit   'dot-case': [ '3.0.4' ],
92 silly audit   dotenv: [ '10.0.0' ],
92 silly audit   'dotenv-expand': [ '5.1.0' ],
92 silly audit   duplexer: [ '0.1.2' ],
92 silly audit   eastasianwidth: [ '0.2.0' ],
92 silly audit   'ee-first': [ '1.1.1' ],
92 silly audit   ejs: [ '3.1.10' ],
92 silly audit   'electron-to-chromium': [ '1.4.796' ],
92 silly audit   emittery: [ '0.8.1', '0.10.2' ],
92 silly audit   'emoji-regex': [ '9.2.2', '8.0.0' ],
92 silly audit   'emojis-list': [ '3.0.0' ],
92 silly audit   encodeurl: [ '1.0.2' ],
92 silly audit   'enhanced-resolve': [ '5.17.0' ],
92 silly audit   entities: [ '2.2.0' ],
92 silly audit   'error-ex': [ '1.3.2' ],
92 silly audit   'error-stack-parser': [ '2.1.4' ],
92 silly audit   'es-abstract': [ '1.23.3' ],
92 silly audit   'es-array-method-boxes-properly': [ '1.0.0' ],
92 silly audit   'es-define-property': [ '1.0.0' ],
92 silly audit   'es-errors': [ '1.3.0' ],
92 silly audit   'es-iterator-helpers': [ '1.0.19' ],
92 silly audit   'es-module-lexer': [ '1.5.3' ],
92 silly audit   'es-object-atoms': [ '1.0.0' ],
92 silly audit   'es-set-tostringtag': [ '2.0.3' ],
92 silly audit   'es-shim-unscopables': [ '1.0.2' ],
92 silly audit   'es-to-primitive': [ '1.2.1' ],
92 silly audit   escalade: [ '3.1.2' ],
92 silly audit   'escape-html': [ '1.0.3' ],
92 silly audit   'escape-string-regexp': [ '1.0.5', '4.0.0', '2.0.0' ],
92 silly audit   escodegen: [ '2.1.0', '1.14.3' ],
92 silly audit   eslint: [ '8.57.0' ],
92 silly audit   'eslint-config-react-app': [ '7.0.1' ],
92 silly audit   'eslint-import-resolver-node': [ '0.3.9' ],
92 silly audit   'eslint-module-utils': [ '2.8.1' ],
92 silly audit   'eslint-plugin-flowtype': [ '8.0.3' ],
92 silly audit   'eslint-plugin-import': [ '2.29.1' ],
92 silly audit   'eslint-plugin-jest': [ '25.7.0' ],
92 silly audit   'eslint-plugin-jsx-a11y': [ '6.8.0' ],
92 silly audit   'eslint-plugin-react': [ '7.34.2' ],
92 silly audit   'eslint-plugin-react-hooks': [ '4.6.2' ],
92 silly audit   resolve: [ '2.0.0-next.5', '1.22.8' ],
92 silly audit   'eslint-plugin-testing-library': [ '5.11.1' ],
92 silly audit   'eslint-webpack-plugin': [ '3.2.0' ],
92 silly audit   'jest-worker': [ '28.1.3', '27.5.1', '26.6.2' ],
92 silly audit   'find-up': [ '5.0.0', '4.1.0', '3.0.0' ],
92 silly audit   'locate-path': [ '6.0.0', '5.0.0', '3.0.0' ],
92 silly audit   'p-limit': [ '3.1.0', '2.3.0' ],
92 silly audit   'p-locate': [ '5.0.0', '4.1.0', '3.0.0' ],
92 silly audit   espree: [ '9.6.1' ],
92 silly audit   esprima: [ '4.0.1', '1.2.2' ],
92 silly audit   esquery: [ '1.5.0' ],
92 silly audit   esrecurse: [ '4.3.0' ],
92 silly audit   'estree-walker': [ '1.0.1' ],
92 silly audit   esutils: [ '2.0.3' ],
92 silly audit   etag: [ '1.8.1' ],
92 silly audit   eventemitter3: [ '4.0.7' ],
92 silly audit   events: [ '3.3.0' ],
92 silly audit   execa: [ '5.1.1' ],
92 silly audit   exit: [ '0.1.2' ],
92 silly audit   express: [ '4.19.2' ],
92 silly audit   'fast-deep-equal': [ '3.1.3' ],
92 silly audit   'fast-glob': [ '3.3.2' ],
92 silly audit   'fast-json-stable-stringify': [ '2.1.0' ],
92 silly audit   'fast-levenshtein': [ '2.0.6' ],
92 silly audit   fastq: [ '1.17.1' ],
92 silly audit   'faye-websocket': [ '0.11.4' ],
92 silly audit   'fb-watchman': [ '2.0.2' ],
92 silly audit   'file-entry-cache': [ '6.0.1' ],
92 silly audit   'file-loader': [ '6.2.0' ],
92 silly audit   filelist: [ '1.0.4' ],
92 silly audit   minimatch: [ '5.1.6', '3.1.2', '9.0.4' ],
92 silly audit   filesize: [ '8.0.7' ],
92 silly audit   'fill-range': [ '7.1.1' ],
92 silly audit   finalhandler: [ '1.2.0' ],
92 silly audit   'find-cache-dir': [ '3.3.2' ],
92 silly audit   'flat-cache': [ '3.2.0' ],
92 silly audit   flatted: [ '3.3.1' ],
92 silly audit   'follow-redirects': [ '1.15.6' ],
92 silly audit   'for-each': [ '0.3.3' ],
92 silly audit   'foreground-child': [ '3.1.1' ],
92 silly audit   'signal-exit': [ '4.1.0', '3.0.7' ],
92 silly audit   'fork-ts-checker-webpack-plugin': [ '6.5.3' ],
92 silly audit   'fs-extra': [ '9.1.0', '10.1.0' ],
92 silly audit   tapable: [ '1.1.3', '2.2.1' ],
92 silly audit   'form-data': [ '3.0.1' ],
92 silly audit   forwarded: [ '0.2.0' ],
92 silly audit   'fraction.js': [ '4.3.7' ],
92 silly audit   fresh: [ '0.5.2' ],
92 silly audit   'fs-monkey': [ '1.0.6' ],
92 silly audit   'fs.realpath': [ '1.0.0' ],
92 silly audit   fsevents: [ '2.3.3' ],
92 silly audit   'function-bind': [ '1.1.2' ],
92 silly audit   'function.prototype.name': [ '1.1.6' ],
92 silly audit   'functions-have-names': [ '1.2.3' ],
92 silly audit   gensync: [ '1.0.0-beta.2' ],
92 silly audit   'get-caller-file': [ '2.0.5' ],
92 silly audit   'get-intrinsic': [ '1.2.4' ],
92 silly audit   'get-own-enumerable-property-symbols': [ '3.0.2' ],
92 silly audit   'get-package-type': [ '0.1.0' ],
92 silly audit   'get-stream': [ '6.0.1' ],
92 silly audit   'get-symbol-description': [ '1.0.2' ],
92 silly audit   glob: [ '7.2.3', '10.4.1' ],
92 silly audit   'glob-to-regexp': [ '0.4.1' ],
92 silly audit   'global-modules': [ '2.0.0' ],
92 silly audit   'global-prefix': [ '3.0.0' ],
92 silly audit   which: [ '1.3.1', '2.0.2' ],
92 silly audit   globalthis: [ '1.0.4' ],
92 silly audit   globby: [ '11.1.0' ],
92 silly audit   gopd: [ '1.0.1' ],
92 silly audit   'graceful-fs': [ '4.2.11' ],
92 silly audit   graphemer: [ '1.4.0' ],
92 silly audit   'gzip-size': [ '6.0.0' ],
92 silly audit   'handle-thing': [ '2.0.1' ],
92 silly audit   'harmony-reflect': [ '1.6.2' ],
92 silly audit   'has-bigints': [ '1.0.2' ],
92 silly audit   'has-property-descriptors': [ '1.0.2' ],
92 silly audit   'has-proto': [ '1.0.3' ],
92 silly audit   'has-symbols': [ '1.0.3' ],
92 silly audit   'has-tostringtag': [ '1.0.2' ],
92 silly audit   hasown: [ '2.0.2' ],
92 silly audit   he: [ '1.2.0' ],
92 silly audit   hoopy: [ '0.1.4' ],
92 silly audit   'hpack.js': [ '2.1.6' ],
92 silly audit   isarray: [ '1.0.0', '2.0.5' ],
92 silly audit   'readable-stream': [ '2.3.8', '3.6.2' ],
92 silly audit   string_decoder: [ '1.1.1', '1.3.0' ],
92 silly audit   'html-encoding-sniffer': [ '2.0.1' ],
92 silly audit   'html-entities': [ '2.5.2' ],
92 silly audit   'html-escaper': [ '2.0.2' ],
92 silly audit   'html-minifier-terser': [ '6.1.0' ],
92 silly audit   'html-webpack-plugin': [ '5.6.0' ],
92 silly audit   htmlparser2: [ '6.1.0' ],
92 silly audit   'http-deceiver': [ '1.2.7' ],
92 silly audit   'http-errors': [ '2.0.0', '1.6.3' ],
92 silly audit   'http-parser-js': [ '0.5.8' ],
92 silly audit   'http-proxy': [ '1.18.1' ],
92 silly audit   'http-proxy-agent': [ '4.0.1' ],
92 silly audit   'http-proxy-middleware': [ '2.0.6' ],
92 silly audit   'https-proxy-agent': [ '5.0.1' ],
92 silly audit   'human-signals': [ '2.1.0' ],
92 silly audit   'icss-utils': [ '5.1.0' ],
92 silly audit   idb: [ '7.1.1' ],
92 silly audit   'identity-obj-proxy': [ '3.0.0' ],
92 silly audit   ignore: [ '5.3.1' ],
92 silly audit   immer: [ '9.0.21' ],
92 silly audit   'import-fresh': [ '3.3.0' ],
92 silly audit   'resolve-from': [ '4.0.0', '5.0.0' ],
92 silly audit   'import-local': [ '3.1.0' ],
92 silly audit   imurmurhash: [ '0.1.4' ],
92 silly audit   'indent-string': [ '4.0.0' ],
92 silly audit   inflight: [ '1.0.6' ],
92 silly audit   inherits: [ '2.0.4', '2.0.3' ],
92 silly audit   ini: [ '1.3.8' ],
92 silly audit   'internal-slot': [ '1.0.7' ],
92 silly audit   'ipaddr.js': [ '2.2.0', '1.9.1' ],
92 silly audit   'is-array-buffer': [ '3.0.4' ],
92 silly audit   'is-arrayish': [ '0.2.1' ],
92 silly audit   'is-async-function': [ '2.0.0' ],
92 silly audit   'is-bigint': [ '1.0.4' ],
92 silly audit   'is-binary-path': [ '2.1.0' ],
92 silly audit   'is-boolean-object': [ '1.1.2' ],
92 silly audit   'is-callable': [ '1.2.7' ],
92 silly audit   'is-core-module': [ '2.13.1' ],
92 silly audit   'is-data-view': [ '1.0.1' ],
92 silly audit   'is-date-object': [ '1.0.5' ],
92 silly audit   'is-docker': [ '2.2.1' ],
92 silly audit   'is-extglob': [ '2.1.1' ],
92 silly audit   'is-finalizationregistry': [ '1.0.2' ],
92 silly audit   'is-fullwidth-code-point': [ '3.0.0' ],
92 silly audit   'is-generator-fn': [ '2.1.0' ],
92 silly audit   'is-generator-function': [ '1.0.10' ],
92 silly audit   'is-glob': [ '4.0.3' ],
92 silly audit   'is-map': [ '2.0.3' ],
92 silly audit   'is-module': [ '1.0.0' ],
92 silly audit   'is-negative-zero': [ '2.0.3' ],
92 silly audit   'is-number': [ '7.0.0' ],
92 silly audit   'is-number-object': [ '1.0.7' ],
92 silly audit   'is-obj': [ '1.0.1' ],
92 silly audit   'is-path-inside': [ '3.0.3' ],
92 silly audit   'is-plain-obj': [ '3.0.0' ],
92 silly audit   'is-potential-custom-element-name': [ '1.0.1' ],
92 silly audit   'is-regex': [ '1.1.4' ],
92 silly audit   'is-regexp': [ '1.0.0' ],
92 silly audit   'is-root': [ '2.1.0' ],
92 silly audit   'is-set': [ '2.0.3' ],
92 silly audit   'is-shared-array-buffer': [ '1.0.3' ],
92 silly audit   'is-stream': [ '2.0.1' ],
92 silly audit   'is-string': [ '1.0.7' ],
92 silly audit   'is-symbol': [ '1.0.4' ],
92 silly audit   'is-typed-array': [ '1.1.13' ],
92 silly audit   'is-typedarray': [ '1.0.0' ],
92 silly audit   'is-weakmap': [ '2.0.2' ],
92 silly audit   'is-weakref': [ '1.0.2' ],
92 silly audit   'is-weakset': [ '2.0.3' ],
92 silly audit   'is-wsl': [ '2.2.0' ],
92 silly audit   isexe: [ '2.0.0' ],
92 silly audit   'istanbul-lib-coverage': [ '3.2.2' ],
92 silly audit   'istanbul-lib-instrument': [ '5.2.1' ],
92 silly audit   'istanbul-lib-report': [ '3.0.1' ],
92 silly audit   'make-dir': [ '4.0.0', '3.1.0' ],
92 silly audit   'istanbul-lib-source-maps': [ '4.0.1' ],
92 silly audit   'istanbul-reports': [ '3.1.7' ],
92 silly audit   'iterator.prototype': [ '1.1.2' ],
92 silly audit   jackspeak: [ '3.4.0' ],
92 silly audit   jake: [ '10.9.1' ],
92 silly audit   jest: [ '27.5.1' ],
92 silly audit   'jest-changed-files': [ '27.5.1' ],
92 silly audit   'jest-circus': [ '27.5.1' ],
92 silly audit   'jest-cli': [ '27.5.1' ],
92 silly audit   'jest-config': [ '27.5.1' ],
92 silly audit   'jest-docblock': [ '27.5.1' ],
92 silly audit   'jest-each': [ '27.5.1' ],
92 silly audit   'jest-environment-jsdom': [ '27.5.1' ],
92 silly audit   'jest-environment-node': [ '27.5.1' ],
92 silly audit   'jest-haste-map': [ '27.5.1' ],
92 silly audit   'jest-jasmine2': [ '27.5.1' ],
92 silly audit   'jest-leak-detector': [ '27.5.1' ],
92 silly audit   'jest-mock': [ '27.5.1' ],
92 silly audit   'jest-pnp-resolver': [ '1.2.3' ],
92 silly audit   'jest-regex-util': [ '27.5.1', '28.0.2' ],
92 silly audit   'jest-resolve': [ '27.5.1' ],
92 silly audit   'jest-resolve-dependencies': [ '27.5.1' ],
92 silly audit   'jest-runner': [ '27.5.1' ],
92 silly audit   'jest-runtime': [ '27.5.1' ],
92 silly audit   'jest-serializer': [ '27.5.1' ],
92 silly audit   'jest-snapshot': [ '27.5.1' ],
92 silly audit   'jest-validate': [ '27.5.1' ],
92 silly audit   'jest-watch-typeahead': [ '1.1.0' ],
92 silly audit   slash: [ '3.0.0', '4.0.0' ],
92 silly audit   'jest-watcher': [ '28.1.3', '27.5.1' ],
92 silly audit   'string-length': [ '4.0.2', '5.0.1' ],
92 silly audit   jiti: [ '1.21.3' ],
92 silly audit   'js-tokens': [ '4.0.0' ],
92 silly audit   jsdom: [ '16.7.0' ],
92 silly audit   jsesc: [ '2.5.2', '0.5.0' ],
92 silly audit   'json-buffer': [ '3.0.1' ],
92 silly audit   'json-parse-even-better-errors': [ '2.3.1' ],
92 silly audit   'json-schema': [ '0.4.0' ],
92 silly audit   'json-stable-stringify-without-jsonify': [ '1.0.1' ],
92 silly audit   json5: [ '2.2.3', '1.0.2' ],
92 silly audit   jsonfile: [ '6.1.0' ],
92 silly audit   jsonpath: [ '1.1.1' ],
92 silly audit   jsonpointer: [ '5.0.1' ],
92 silly audit   'jsx-ast-utils': [ '3.3.5' ],
92 silly audit   keyv: [ '4.5.4' ],
92 silly audit   'kind-of': [ '6.0.3' ],
92 silly audit   kleur: [ '3.0.3' ],
92 silly audit   klona: [ '2.0.6' ],
92 silly audit   'language-subtag-registry': [ '0.3.23' ],
92 silly audit   'language-tags': [ '1.0.9' ],
92 silly audit   'launch-editor': [ '2.6.1' ],
92 silly audit   leven: [ '3.1.0' ],
92 silly audit   levn: [ '0.4.1', '0.3.0' ],
92 silly audit   lilconfig: [ '2.1.0', '3.1.1' ],
92 silly audit   'lines-and-columns': [ '1.2.4' ],
92 silly audit   'loader-runner': [ '4.3.0' ],
92 silly audit   'loader-utils': [ '2.0.4', '3.3.1' ],
92 silly audit   lodash: [ '4.17.21' ],
92 silly audit   'lodash.debounce': [ '4.0.8' ],
92 silly audit   'lodash.memoize': [ '4.1.2' ],
92 silly audit   'lodash.merge': [ '4.6.2' ],
92 silly audit   'lodash.sortby': [ '4.7.0' ],
92 silly audit   'lodash.uniq': [ '4.5.0' ],
92 silly audit   'loose-envify': [ '1.4.0' ],
92 silly audit   'lower-case': [ '2.0.2' ],
92 silly audit   'lru-cache': [ '5.1.1', '10.2.2' ],
92 silly audit   'lz-string': [ '1.5.0' ],
92 silly audit   'magic-string': [ '0.25.9' ],
92 silly audit   makeerror: [ '1.0.12' ],
92 silly audit   'media-typer': [ '0.3.0' ],
92 silly audit   memfs: [ '3.5.3' ],
92 silly audit   'merge-descriptors': [ '1.0.1' ],
92 silly audit   'merge-stream': [ '2.0.0' ],
92 silly audit   merge2: [ '1.4.1' ],
92 silly audit   methods: [ '1.1.2' ],
92 silly audit   micromatch: [ '4.0.7' ],
92 silly audit   mime: [ '1.6.0' ],
92 silly audit   'mime-db': [ '1.52.0' ],
92 silly audit   'mime-types': [ '2.1.35' ],
92 silly audit   'mimic-fn': [ '2.1.0' ],
92 silly audit   'min-indent': [ '1.0.1' ],
92 silly audit   'mini-css-extract-plugin': [ '2.9.0' ],
92 silly audit   'minimalistic-assert': [ '1.0.1' ],
92 silly audit   minimist: [ '1.2.8' ],
92 silly audit   minipass: [ '7.1.2' ],
92 silly audit   mkdirp: [ '0.5.6' ],
92 silly audit   'multicast-dns': [ '7.2.5' ],
92 silly audit   mz: [ '2.7.0' ],
92 silly audit   nanoid: [ '3.3.7' ],
92 silly audit   'natural-compare': [ '1.4.0' ],
92 silly audit   'natural-compare-lite': [ '1.4.0' ],
92 silly audit   negotiator: [ '0.6.3' ],
92 silly audit   'neo-async': [ '2.6.2' ],
92 silly audit   'no-case': [ '3.0.4' ],
92 silly audit   'node-forge': [ '1.3.1' ],
92 silly audit   'node-int64': [ '0.4.0' ],
92 silly audit   'node-releases': [ '2.0.14' ],
92 silly audit   'normalize-path': [ '3.0.0' ],
92 silly audit   'normalize-range': [ '0.1.2' ],
92 silly audit   'normalize-url': [ '6.1.0' ],
92 silly audit   'npm-run-path': [ '4.0.1' ],
92 silly audit   'nth-check': [ '2.1.1', '1.0.2' ],
92 silly audit   nwsapi: [ '2.2.10' ],
92 silly audit   'object-assign': [ '4.1.1' ],
92 silly audit   'object-hash': [ '3.0.0' ],
92 silly audit   'object-inspect': [ '1.13.1' ],
92 silly audit   'object-keys': [ '1.1.1' ],
92 silly audit   'object.assign': [ '4.1.5' ],
92 silly audit   'object.entries': [ '1.1.8' ],
92 silly audit   'object.fromentries': [ '2.0.8' ],
92 silly audit   'object.getownpropertydescriptors': [ '2.1.8' ],
92 silly audit   'object.groupby': [ '1.0.3' ],
92 silly audit   'object.hasown': [ '1.1.4' ],
92 silly audit   'object.values': [ '1.2.0' ],
92 silly audit   obuf: [ '1.1.2' ],
92 silly audit   'on-finished': [ '2.4.1' ],
92 silly audit   'on-headers': [ '1.0.2' ],
92 silly audit   once: [ '1.4.0' ],
92 silly audit   onetime: [ '5.1.2' ],
92 silly audit   open: [ '8.4.2' ],
92 silly audit   optionator: [ '0.9.4', '0.8.3' ],
92 silly audit   'p-retry': [ '4.6.2' ],
92 silly audit   'p-try': [ '2.2.0' ],
92 silly audit   'param-case': [ '3.0.4' ],
92 silly audit   'parent-module': [ '1.0.1' ],
92 silly audit   'parse-json': [ '5.2.0' ],
92 silly audit   parse5: [ '6.0.1' ],
92 silly audit   parseurl: [ '1.3.3' ],
92 silly audit   'pascal-case': [ '3.1.2' ],
92 silly audit   'path-exists': [ '4.0.0', '3.0.0' ],
92 silly audit   'path-is-absolute': [ '1.0.1' ],
92 silly audit   'path-key': [ '3.1.1' ],
92 silly audit   'path-parse': [ '1.0.7' ],
92 silly audit   'path-scurry': [ '1.11.1' ],
92 silly audit   'path-to-regexp': [ '0.1.7' ],
92 silly audit   'path-type': [ '4.0.0' ],
92 silly audit   'performance-now': [ '2.1.0' ],
92 silly audit   picocolors: [ '0.2.1', '1.1.1' ],
92 silly audit   picomatch: [ '2.3.1' ],
92 silly audit   pify: [ '2.3.0' ],
92 silly audit   pirates: [ '4.0.6' ],
92 silly audit   'pkg-dir': [ '4.2.0' ],
92 silly audit   'pkg-up': [ '3.1.0' ],
92 silly audit   'possible-typed-array-names': [ '1.0.0' ],
92 silly audit   postcss: [ '8.4.38', '7.0.39' ],
92 silly audit   'postcss-attribute-case-insensitive': [ '5.0.2' ],
92 silly audit   'postcss-browser-comments': [ '4.0.0' ],
92 silly audit   'postcss-calc': [ '8.2.4' ],
92 silly audit   'postcss-clamp': [ '4.1.0' ],
92 silly audit   'postcss-color-functional-notation': [ '4.2.4' ],
92 silly audit   'postcss-color-hex-alpha': [ '8.0.4' ],
92 silly audit   'postcss-color-rebeccapurple': [ '7.1.1' ],
92 silly audit   'postcss-colormin': [ '5.3.1' ],
92 silly audit   'postcss-convert-values': [ '5.1.3' ],
92 silly audit   'postcss-custom-media': [ '8.0.2' ],
92 silly audit   'postcss-custom-properties': [ '12.1.11' ],
92 silly audit   'postcss-custom-selectors': [ '6.0.3' ],
92 silly audit   'postcss-dir-pseudo-class': [ '6.0.5' ],
92 silly audit   'postcss-discard-comments': [ '5.1.2' ],
92 silly audit   'postcss-discard-duplicates': [ '5.1.0' ],
92 silly audit   'postcss-discard-empty': [ '5.1.1' ],
92 silly audit   'postcss-discard-overridden': [ '5.1.0' ],
92 silly audit   'postcss-double-position-gradients': [ '3.1.2' ],
92 silly audit   'postcss-env-function': [ '4.0.6' ],
92 silly audit   'postcss-flexbugs-fixes': [ '5.0.2' ],
92 silly audit   'postcss-focus-visible': [ '6.0.4' ],
92 silly audit   'postcss-focus-within': [ '5.0.4' ],
92 silly audit   'postcss-font-variant': [ '5.0.0' ],
92 silly audit   'postcss-gap-properties': [ '3.0.5' ],
92 silly audit   'postcss-image-set-function': [ '4.0.7' ],
92 silly audit   'postcss-import': [ '15.1.0' ],
92 silly audit   'postcss-initial': [ '4.0.1' ],
92 silly audit   'postcss-js': [ '4.0.1' ],
92 silly audit   'postcss-lab-function': [ '4.2.1' ],
92 silly audit   'postcss-load-config': [ '4.0.2' ],
92 silly audit   yaml: [ '2.4.5', '1.10.2' ],
92 silly audit   'postcss-loader': [ '6.2.1' ],
92 silly audit   'postcss-logical': [ '5.0.4' ],
92 silly audit   'postcss-media-minmax': [ '5.0.0' ],
92 silly audit   'postcss-merge-longhand': [ '5.1.7' ],
92 silly audit   'postcss-merge-rules': [ '5.1.4' ],
92 silly audit   'postcss-minify-font-values': [ '5.1.0' ],
92 silly audit   'postcss-minify-gradients': [ '5.1.1' ],
92 silly audit   'postcss-minify-params': [ '5.1.4' ],
92 silly audit   'postcss-minify-selectors': [ '5.2.1' ],
92 silly audit   'postcss-modules-extract-imports': [ '3.1.0' ],
92 silly audit   'postcss-modules-local-by-default': [ '4.0.5' ],
92 silly audit   'postcss-modules-scope': [ '3.2.0' ],
92 silly audit   'postcss-modules-values': [ '4.0.0' ],
92 silly audit   'postcss-nested': [ '6.0.1' ],
92 silly audit   'postcss-nesting': [ '10.2.0' ],
92 silly audit   'postcss-normalize': [ '10.0.1' ],
92 silly audit   'postcss-normalize-charset': [ '5.1.0' ],
92 silly audit   'postcss-normalize-display-values': [ '5.1.0' ],
92 silly audit   'postcss-normalize-positions': [ '5.1.1' ],
92 silly audit   'postcss-normalize-repeat-style': [ '5.1.1' ],
92 silly audit   'postcss-normalize-string': [ '5.1.0' ],
92 silly audit   'postcss-normalize-timing-functions': [ '5.1.0' ],
92 silly audit   'postcss-normalize-unicode': [ '5.1.1' ],
92 silly audit   'postcss-normalize-url': [ '5.1.0' ],
92 silly audit   'postcss-normalize-whitespace': [ '5.1.1' ],
92 silly audit   'postcss-opacity-percentage': [ '1.1.3' ],
92 silly audit   'postcss-ordered-values': [ '5.1.3' ],
92 silly audit   'postcss-overflow-shorthand': [ '3.0.4' ],
92 silly audit   'postcss-page-break': [ '3.0.4' ],
92 silly audit   'postcss-place': [ '7.0.5' ],
92 silly audit   'postcss-preset-env': [ '7.8.3' ],
92 silly audit   'postcss-pseudo-class-any-link': [ '7.1.6' ],
92 silly audit   'postcss-reduce-initial': [ '5.1.2' ],
92 silly audit   'postcss-reduce-transforms': [ '5.1.0' ],
92 silly audit   'postcss-replace-overflow-wrap': [ '4.0.0' ],
92 silly audit   'postcss-selector-not': [ '6.0.1' ],
92 silly audit   'postcss-selector-parser': [ '6.1.0' ],
92 silly audit   'postcss-svgo': [ '5.1.0' ],
92 silly audit   svgo: [ '2.8.0', '1.3.2' ],
92 silly audit   'postcss-unique-selectors': [ '5.1.1' ],
92 silly audit   'postcss-value-parser': [ '4.2.0' ],
92 silly audit   'prelude-ls': [ '1.2.1', '1.1.2' ],
92 silly audit   'pretty-bytes': [ '5.6.0' ],
92 silly audit   'pretty-error': [ '4.0.0' ],
92 silly audit   'process-nextick-args': [ '2.0.1' ],
92 silly audit   promise: [ '8.3.0' ],
92 silly audit   prompts: [ '2.4.2' ],
92 silly audit   'prop-types': [ '15.8.1' ],
92 silly audit   'proxy-addr': [ '2.0.7' ],
92 silly audit   psl: [ '1.9.0' ],
92 silly audit   punycode: [ '2.3.1' ],
92 silly audit   q: [ '1.5.1' ],
92 silly audit   qs: [ '6.11.0' ],
92 silly audit   querystringify: [ '2.2.0' ],
92 silly audit   'queue-microtask': [ '1.2.3' ],
92 silly audit   raf: [ '3.4.1' ],
92 silly audit   randombytes: [ '2.1.0' ],
92 silly audit   'range-parser': [ '1.2.1' ],
92 silly audit   'raw-body': [ '2.5.2' ],
92 silly audit   react: [ '18.3.1' ],
92 silly audit   'react-app-polyfill': [ '3.0.0' ],
92 silly audit   'regenerator-runtime': [ '0.13.11', '0.14.1' ],
92 silly audit   'react-dev-utils': [ '12.0.1' ],
92 silly audit   'react-dom': [ '18.3.1' ],
92 silly audit   'react-error-overlay': [ '6.0.11' ],
92 silly audit   'react-refresh': [ '0.11.0' ],
92 silly audit   'react-router': [ '6.23.1' ],
92 silly audit   'react-router-dom': [ '6.23.1' ],
92 silly audit   'react-scripts': [ '5.0.1' ],
92 silly audit   'react-toastify': [ '10.0.5' ],
92 silly audit   'read-cache': [ '1.0.0' ],
92 silly audit   readdirp: [ '3.6.0' ],
92 silly audit   'recursive-readdir': [ '2.2.3' ],
92 silly audit   redent: [ '3.0.0' ],
92 silly audit   'reflect.getprototypeof': [ '1.0.6' ],
92 silly audit   regenerate: [ '1.4.2' ],
92 silly audit   'regenerate-unicode-properties': [ '10.1.1' ],
92 silly audit   'regenerator-transform': [ '0.15.2' ],
92 silly audit   'regex-parser': [ '2.3.0' ],
92 silly audit   'regexp.prototype.flags': [ '1.5.2' ],
92 silly audit   'regexpu-core': [ '5.3.2' ],
92 silly audit   regjsparser: [ '0.9.1' ],
92 silly audit   relateurl: [ '0.2.7' ],
92 silly audit   renderkid: [ '3.0.0' ],
92 silly audit   'require-directory': [ '2.1.1' ],
92 silly audit   'require-from-string': [ '2.0.2' ],
92 silly audit   'requires-port': [ '1.0.0' ],
92 silly audit   'resolve-cwd': [ '3.0.0' ],
92 silly audit   'resolve-url-loader': [ '4.0.0' ],
92 silly audit   'resolve.exports': [ '1.1.1' ],
92 silly audit   retry: [ '0.13.1' ],
92 silly audit   reusify: [ '1.0.4' ],
92 silly audit   rimraf: [ '3.0.2' ],
92 silly audit   rollup: [ '2.79.1' ],
92 silly audit   'rollup-plugin-terser': [ '7.0.2' ],
92 silly audit   'serialize-javascript': [ '4.0.0', '6.0.2' ],
92 silly audit   'run-parallel': [ '1.2.0' ],
92 silly audit   'safe-array-concat': [ '1.1.2' ],
92 silly audit   'safe-regex-test': [ '1.0.3' ],
92 silly audit   'safer-buffer': [ '2.1.2' ],
92 silly audit   'sanitize.css': [ '13.0.0' ],
92 silly audit   'sass-loader': [ '12.6.0' ],
92 silly audit   sax: [ '1.2.4' ],
92 silly audit   saxes: [ '5.0.1' ],
92 silly audit   scheduler: [ '0.23.2' ],
92 silly audit   'select-hose': [ '2.0.0' ],
92 silly audit   selfsigned: [ '2.4.1' ],
92 silly audit   send: [ '0.18.0' ],
92 silly audit   'serve-index': [ '1.9.1' ],
92 silly audit   setprototypeof: [ '1.1.0', '1.2.0' ],
92 silly audit   statuses: [ '1.5.0', '2.0.1' ],
92 silly audit   'serve-static': [ '1.15.0' ],
92 silly audit   'set-function-length': [ '1.2.2' ],
92 silly audit   'set-function-name': [ '2.0.2' ],
92 silly audit   'shebang-command': [ '2.0.0' ],
92 silly audit   'shebang-regex': [ '3.0.0' ],
92 silly audit   'shell-quote': [ '1.8.1' ],
92 silly audit   'side-channel': [ '1.0.6' ],
92 silly audit   sisteransi: [ '1.0.5' ],
92 silly audit   sockjs: [ '0.3.24' ],
92 silly audit   'source-list-map': [ '2.0.1' ],
92 silly audit   'source-map-js': [ '1.2.0' ],
92 silly audit   'source-map-loader': [ '3.0.2' ],
92 silly audit   'source-map-support': [ '0.5.21' ],
92 silly audit   'sourcemap-codec': [ '1.4.8' ],
92 silly audit   spdy: [ '4.0.2' ],
92 silly audit   'spdy-transport': [ '3.0.0' ],
92 silly audit   'sprintf-js': [ '1.0.3' ],
92 silly audit   stable: [ '0.1.8' ],
92 silly audit   'stack-utils': [ '2.0.6' ],
92 silly audit   stackframe: [ '1.3.4' ],
92 silly audit   'static-eval': [ '2.0.2' ],
92 silly audit   'type-check': [ '0.3.2', '0.4.0' ],
92 silly audit   'string-natural-compare': [ '3.0.1' ],
92 silly audit   'string.prototype.matchall': [ '4.0.11' ],
92 silly audit   'string.prototype.trim': [ '1.2.9' ],
92 silly audit   'string.prototype.trimend': [ '1.0.8' ],
92 silly audit   'string.prototype.trimstart': [ '1.0.8' ],
92 silly audit   'stringify-object': [ '3.3.0' ],
92 silly audit   'strip-bom': [ '4.0.0', '3.0.0' ],
92 silly audit   'strip-comments': [ '2.0.1' ],
92 silly audit   'strip-final-newline': [ '2.0.0' ],
92 silly audit   'strip-indent': [ '3.0.0' ],
92 silly audit   'strip-json-comments': [ '3.1.1' ],
92 silly audit   'style-loader': [ '3.3.4' ],
92 silly audit   stylehacks: [ '5.1.1' ],
92 silly audit   sucrase: [ '3.35.0' ],
92 silly audit   'supports-hyperlinks': [ '2.3.0' ],
92 silly audit   'supports-preserve-symlinks-flag': [ '1.0.0' ],
92 silly audit   'svg-parser': [ '2.0.4' ],
92 silly audit   'symbol-tree': [ '3.2.4' ],
92 silly audit   tailwindcss: [ '3.4.4' ],
92 silly audit   'temp-dir': [ '2.0.0' ],
92 silly audit   tempy: [ '0.6.0' ],
92 silly audit   'terminal-link': [ '2.1.1' ],
92 silly audit   terser: [ '5.31.1' ],
92 silly audit   'terser-webpack-plugin': [ '5.3.10' ],
92 silly audit   'test-exclude': [ '6.0.0' ],
92 silly audit   'text-table': [ '0.2.0' ],
92 silly audit   thenify: [ '3.3.1' ],
92 silly audit   'thenify-all': [ '1.6.0' ],
92 silly audit   throat: [ '6.0.2' ],
92 silly audit   thunky: [ '1.1.0' ],
92 silly audit   tmpl: [ '1.0.5' ],
92 silly audit   'to-fast-properties': [ '2.0.0' ],
92 silly audit   'to-regex-range': [ '5.0.1' ],
92 silly audit   toidentifier: [ '1.0.1' ],
92 silly audit   'tough-cookie': [ '4.1.4' ],
92 silly audit   universalify: [ '0.2.0', '2.0.1' ],
92 silly audit   tr46: [ '2.1.0', '1.0.1' ],
92 silly audit   tryer: [ '1.0.1' ],
92 silly audit   'ts-interface-checker': [ '0.1.13' ],
92 silly audit   'tsconfig-paths': [ '3.15.0' ],
92 silly audit   tslib: [ '2.6.3', '1.14.1' ],
92 silly audit   tsutils: [ '3.21.0' ],
92 silly audit   'type-detect': [ '4.0.8' ],
92 silly audit   'type-is': [ '1.6.18' ],
92 silly audit   'typed-array-buffer': [ '1.0.2' ],
92 silly audit   'typed-array-byte-length': [ '1.0.1' ],
92 silly audit   'typed-array-byte-offset': [ '1.0.2' ],
92 silly audit   'typed-array-length': [ '1.0.6' ],
92 silly audit   'typedarray-to-buffer': [ '3.1.5' ],
92 silly audit   typescript: [ '4.9.5' ],
92 silly audit   'unbox-primitive': [ '1.0.2' ],
92 silly audit   underscore: [ '1.12.1' ],
92 silly audit   'undici-types': [ '5.26.5' ],
92 silly audit   'unicode-canonical-property-names-ecmascript': [ '2.0.0' ],
92 silly audit   'unicode-match-property-ecmascript': [ '2.0.0' ],
92 silly audit   'unicode-match-property-value-ecmascript': [ '2.1.0' ],
92 silly audit   'unicode-property-aliases-ecmascript': [ '2.1.0' ],
92 silly audit   'unique-string': [ '2.0.0' ],
92 silly audit   unpipe: [ '1.0.0' ],
92 silly audit   unquote: [ '1.1.1' ],
92 silly audit   upath: [ '1.2.0' ],
92 silly audit   'update-browserslist-db': [ '1.0.16' ],
92 silly audit   'uri-js': [ '4.4.1' ],
92 silly audit   'url-parse': [ '1.5.10' ],
92 silly audit   'util-deprecate': [ '1.0.2' ],
92 silly audit   'util.promisify': [ '1.0.1' ],
92 silly audit   utila: [ '0.4.0' ],
92 silly audit   'utils-merge': [ '1.0.1' ],
92 silly audit   uuid: [ '8.3.2' ],
92 silly audit   'v8-to-istanbul': [ '8.1.1' ],
92 silly audit   vary: [ '1.1.2' ],
92 silly audit   'w3c-hr-time': [ '1.0.2' ],
92 silly audit   'w3c-xmlserializer': [ '2.0.0' ],
92 silly audit   walker: [ '1.0.8' ],
92 silly audit   watchpack: [ '2.4.1' ],
92 silly audit   wbuf: [ '1.7.3' ],
92 silly audit   'web-vitals': [ '2.1.4' ],
92 silly audit   webpack: [ '5.91.0' ],
92 silly audit   'webpack-dev-middleware': [ '5.3.4' ],
92 silly audit   'webpack-dev-server': [ '4.15.2' ],
92 silly audit   ws: [ '8.17.0', '7.5.9' ],
92 silly audit   'webpack-manifest-plugin': [ '4.1.1' ],
92 silly audit   'webpack-sources': [ '2.3.1', '3.2.3', '1.4.3' ],
92 silly audit   'websocket-driver': [ '0.7.4' ],
92 silly audit   'websocket-extensions': [ '0.1.4' ],
92 silly audit   'whatwg-encoding': [ '1.0.5' ],
92 silly audit   'whatwg-fetch': [ '3.6.20' ],
92 silly audit   'whatwg-mimetype': [ '2.3.0' ],
92 silly audit   'whatwg-url': [ '8.7.0', '7.1.0' ],
92 silly audit   'which-boxed-primitive': [ '1.0.2' ],
92 silly audit   'which-builtin-type': [ '1.1.3' ],
92 silly audit   'which-collection': [ '1.0.2' ],
92 silly audit   'which-typed-array': [ '1.1.15' ],
92 silly audit   'word-wrap': [ '1.2.5' ],
92 silly audit   'workbox-background-sync': [ '6.6.0' ],
92 silly audit   'workbox-broadcast-update': [ '6.6.0' ],
92 silly audit   'workbox-build': [ '6.6.0' ],
92 silly audit   '@apideck/better-ajv-errors': [ '0.3.6' ],
92 silly audit   'workbox-cacheable-response': [ '6.6.0' ],
92 silly audit   'workbox-core': [ '6.6.0' ],
92 silly audit   'workbox-expiration': [ '6.6.0' ],
92 silly audit   'workbox-google-analytics': [ '6.6.0' ],
92 silly audit   'workbox-navigation-preload': [ '6.6.0' ],
92 silly audit   'workbox-precaching': [ '6.6.0' ],
92 silly audit   'workbox-range-requests': [ '6.6.0' ],
92 silly audit   'workbox-recipes': [ '6.6.0' ],
92 silly audit   'workbox-routing': [ '6.6.0' ],
92 silly audit   'workbox-strategies': [ '6.6.0' ],
92 silly audit   'workbox-streams': [ '6.6.0' ],
92 silly audit   'workbox-sw': [ '6.6.0' ],
92 silly audit   'workbox-webpack-plugin': [ '6.6.0' ],
92 silly audit   'workbox-window': [ '6.6.0' ],
92 silly audit   wrappy: [ '1.0.2' ],
92 silly audit   'write-file-atomic': [ '3.0.3' ],
92 silly audit   'xml-name-validator': [ '3.0.0' ],
92 silly audit   xmlchars: [ '2.2.0' ],
92 silly audit   y18n: [ '5.0.8' ],
92 silly audit   yallist: [ '3.1.1' ],
92 silly audit   yargs: [ '16.2.0' ],
92 silly audit   'yargs-parser': [ '20.2.9' ],
92 silly audit   'yocto-queue': [ '0.1.0' ],
92 silly audit   '@babel/plugin-proposal-private-property-in-object': [ '7.21.11', '7.21.0-placeholder-for-preset-env.2' ],
92 silly audit   '@testing-library/jest-dom': [ '6.9.1' ],
92 silly audit   '@testing-library/react': [ '16.3.2' ],
92 silly audit   '@testing-library/user-event': [ '14.6.1' ]
92 silly audit }
93 verbose reify failed optional dependency C:\Users\VARUN\OneDrive\Documents\New project\deploy-mern-app-1-main-fixed\frontend\node_modules\fsevents
94 silly reify mark deleted [
94 silly reify   'C:\\Users\\VARUN\\OneDrive\\Documents\\New project\\deploy-mern-app-1-main-fixed\\frontend\\node_modules\\fsevents'
94 silly reify ]
95 http cache picocolors@https://registry.npmjs.org/picocolors/-/picocolors-1.1.1.tgz 0ms (cache hit)
96 http cache @babel/plugin-proposal-private-property-in-object@https://registry.npmjs.org/@babel/plugin-proposal-private-property-in-object/-/plugin-proposal-private-property-in-object-7.21.0-placeholder-for-preset-env.2.tgz 0ms (cache hit)
97 http cache @babel/plugin-proposal-private-property-in-object@https://registry.npmjs.org/@babel/plugin-proposal-private-property-in-object/-/plugin-proposal-private-property-in-object-7.21.11.tgz 0ms (cache hit)
98 http cache dom-accessibility-api@https://registry.npmjs.org/dom-accessibility-api/-/dom-accessibility-api-0.6.3.tgz 0ms (cache hit)
99 http cache @testing-library/react@https://registry.npmjs.org/@testing-library/react/-/react-16.3.2.tgz 0ms (cache hit)
100 silly tarball no local data for picocolors@https://registry.npmjs.org/picocolors/-/picocolors-1.1.1.tgz. Extracting by manifest.
101 silly tarball no local data for @babel/plugin-proposal-private-property-in-object@https://registry.npmjs.org/@babel/plugin-proposal-private-property-in-object/-/plugin-proposal-private-property-in-object-7.21.11.tgz. Extracting by manifest.
102 silly tarball no local data for dom-accessibility-api@https://registry.npmjs.org/dom-accessibility-api/-/dom-accessibility-api-0.6.3.tgz. Extracting by manifest.
103 http cache @testing-library/user-event@https://registry.npmjs.org/@testing-library/user-event/-/user-event-14.6.1.tgz 0ms (cache hit)
104 silly tarball no local data for @testing-library/react@https://registry.npmjs.org/@testing-library/react/-/react-16.3.2.tgz. Extracting by manifest.
105 http cache @testing-library/jest-dom@https://registry.npmjs.org/@testing-library/jest-dom/-/jest-dom-6.9.1.tgz 0ms (cache hit)
106 silly tarball no local data for @testing-library/user-event@https://registry.npmjs.org/@testing-library/user-event/-/user-event-14.6.1.tgz. Extracting by manifest.
107 silly tarball no local data for @testing-library/jest-dom@https://registry.npmjs.org/@testing-library/jest-dom/-/jest-dom-6.9.1.tgz. Extracting by manifest.
108 http fetch GET 200 https://registry.npmjs.org/picocolors/-/picocolors-1.1.1.tgz 48ms (cache miss)
109 http fetch GET 200 https://registry.npmjs.org/@babel/plugin-proposal-private-property-in-object/-/plugin-proposal-private-property-in-object-7.21.11.tgz 201ms (cache miss)
110 warn deprecated @babel/plugin-proposal-private-property-in-object@7.21.11: This proposal has been merged to the ECMAScript standard and thus this plugin is no longer maintained. Please use @babel/plugin-transform-private-property-in-object instead.
111 http fetch GET 200 https://registry.npmjs.org/dom-accessibility-api/-/dom-accessibility-api-0.6.3.tgz 232ms (cache miss)
112 http fetch POST 200 https://registry.npmjs.org/-/npm/v1/security/advisories/bulk 288ms
113 silly audit report {
113 silly audit report   '@babel/helpers': [
113 silly audit report     {
113 silly audit report       id: 1104001,
113 silly audit report       url: 'https://github.com/advisories/GHSA-968p-4wvh-cqc8',
113 silly audit report       title: 'Babel has inefficient RegExp complexity in generated code with .replace when transpiling named capturing groups',
113 silly audit report       severity: 'moderate',
113 silly audit report       vulnerable_versions: '<7.26.10',
113 silly audit report       cwe: [Array],
113 silly audit report       cvss: [Object]
113 silly audit report     }
113 silly audit report   ],
113 silly audit report   '@babel/runtime': [
113 silly audit report     {
113 silly audit report       id: 1104000,
113 silly audit report       url: 'https://github.com/advisories/GHSA-968p-4wvh-cqc8',
113 silly audit report       title: 'Babel has inefficient RegExp complexity in generated code with .replace when transpiling named capturing groups',
113 silly audit report       severity: 'moderate',
113 silly audit report       vulnerable_versions: '<7.26.10',
113 silly audit report       cwe: [Array],
113 silly audit report       cvss: [Object]
113 silly audit report     }
113 silly audit report   ],
113 silly audit report   'js-yaml': [
113 silly audit report     {
113 silly audit report       id: 1112714,
113 silly audit report       url: 'https://github.com/advisories/GHSA-mh29-5h37-fv8m',
113 silly audit report       title: 'js-yaml has prototype pollution in merge (<<)',
113 silly audit report       severity: 'moderate',
113 silly audit report       vulnerable_versions: '<3.14.2',
113 silly audit report       cwe: [Array],
113 silly audit report       cvss: [Object]
113 silly audit report     },
113 silly audit report     {
113 silly audit report       id: 1112715,
113 silly audit report       url: 'https://github.com/advisories/GHSA-mh29-5h37-fv8m',
113 silly audit report       title: 'js-yaml has prototype pollution in merge (<<)',
113 silly audit report       severity: 'moderate',
113 silly audit report       vulnerable_versions: '>=4.0.0 <4.1.1',
113 silly audit report       cwe: [Array],
113 silly audit report       cvss: [Object]
113 silly audit report     }
113 silly audit report   ],
113 silly audit report   '@remix-run/router': [
113 silly audit report     {
113 silly audit report       id: 1112052,
113 silly audit report       url: 'https://github.com/advisories/GHSA-2w69-qvjg-hvjx',
113 silly audit report       title: 'React Router vulnerable to XSS via Open Redirects',
113 silly audit report       severity: 'high',
113 silly audit report       vulnerable_versions: '<=1.23.1',
113 silly audit report       cwe: [Array],
113 silly audit report       cvss: [Object]
113 silly audit report     }
113 silly audit report   ],
113 silly audit report   '@tootallnate/once': [
113 silly audit report     {
113 silly audit report       id: 1113977,
113 silly audit report       url: 'https://github.com/advisories/GHSA-vpq2-c234-7xj6',
113 silly audit report       title: '@tootallnate/once vulnerable to Incorrect Control Flow Scoping',
113 silly audit report       severity: 'low',
113 silly audit report       vulnerable_versions: '<3.0.1',
113 silly audit report       cwe: [Array],
113 silly audit report       cvss: [Object]
113 silly audit report     }
113 silly audit report   ],
113 silly audit report   ajv: [
113 silly audit report     {
113 silly audit report       id: 1113714,
113 silly audit report       url: 'https://github.com/advisories/GHSA-2g4f-4pwh-qvx6',
113 silly audit report       title: 'ajv has ReDoS when using `$data` option',
113 silly audit report       severity: 'moderate',
113 silly audit report       vulnerable_versions: '<6.14.0',
113 silly audit report       cwe: [Array],
113 silly audit report       cvss: [Object]
113 silly audit report     },
113 silly audit report     {
113 silly audit report       id: 1113715,
113 silly audit report       url: 'https://github.com/advisories/GHSA-2g4f-4pwh-qvx6',
113 silly audit report       title: 'ajv has ReDoS when using `$data` option',
113 silly audit report       severity: 'moderate',
113 silly audit report       vulnerable_versions: '>=7.0.0-alpha.0 <8.18.0',
113 silly audit report       cwe: [Array],
113 silly audit report       cvss: [Object]
113 silly audit report     }
113 silly audit report   ],
113 silly audit report   'body-parser': [
113 silly audit report     {
113 silly audit report       id: 1099520,
113 silly audit report       url: 'https://github.com/advisories/GHSA-qwcr-r2fm-qrc7',
113 silly audit report       title: 'body-parser vulnerable to denial of service when url encoding is enabled',
113 silly audit report       severity: 'high',
113 silly audit report       vulnerable_versions: '<1.20.3',
113 silly audit report       cwe: [Array],
113 silly audit report       cvss: [Object]
113 silly audit report     }
113 silly audit report   ],
113 silly audit report   'brace-expansion': [
113 silly audit report     {
113 silly audit report       id: 1105443,
113 silly audit report       url: 'https://github.com/advisories/GHSA-v6h2-p8h4-qcjw',
113 silly audit report       title: 'brace-expansion Regular Expression Denial of Service vulnerability',
113 silly audit report       severity: 'low',
113 silly audit report       vulnerable_versions: '>=1.0.0 <=1.1.11',
113 silly audit report       cwe: [Array],
113 silly audit report       cvss: [Object]
113 silly audit report     },
113 silly audit report     {
113 silly audit report       id: 1105444,
113 silly audit report       url: 'https://github.com/advisories/GHSA-v6h2-p8h4-qcjw',
113 silly audit report       title: 'brace-expansion Regular Expression Denial of Service vulnerability',
113 silly audit report       severity: 'low',
113 silly audit report       vulnerable_versions: '>=2.0.0 <=2.0.1',
113 silly audit report       cwe: [Array],
113 silly audit report       cvss: [Object]
113 silly audit report     }
113 silly audit report   ],
113 silly audit report   cookie: [
113 silly audit report     {
113 silly audit report       id: 1103907,
113 silly audit report       url: 'https://github.com/advisories/GHSA-pxg6-pf52-xh8x',
113 silly audit report       title: 'cookie accepts cookie name, path, and domain with out of bounds characters',
113 silly audit report       severity: 'low',
113 silly audit report       vulnerable_versions: '<0.7.0',
113 silly audit report       cwe: [Array],
113 silly audit report       cvss: [Object]
113 silly audit report     }
113 silly audit report   ],
113 silly audit report   'cross-spawn': [
113 silly audit report     {
113 silly audit report       id: 1104664,
113 silly audit report       url: 'https://github.com/advisories/GHSA-3xgq-45jj-v275',
113 silly audit report       title: 'Regular Expression Denial of Service (ReDoS) in cross-spawn',
113 silly audit report       severity: 'high',
113 silly audit report       vulnerable_versions: '>=7.0.0 <7.0.5',
113 silly audit report       cwe: [Array],
113 silly audit report       cvss: [Object]
113 silly audit report     }
113 silly audit report   ],
113 silly audit report   express: [
113 silly audit report     {
113 silly audit report       id: 1100530,
113 silly audit report       url: 'https://github.com/advisories/GHSA-qw6h-vgh9-j6wx',
113 silly audit report       title: 'express vulnerable to XSS via response.redirect()',
113 silly audit report       severity: 'low',
113 silly audit report       vulnerable_versions: '<4.20.0',
113 silly audit report       cwe: [Array],
113 silly audit report       cvss: [Object]
113 silly audit report     }
113 silly audit report   ],
113 silly audit report   minimatch: [
113 silly audit report     {
113 silly audit report       id: 1113459,
113 silly audit report       url: 'https://github.com/advisories/GHSA-3ppc-4f35-3m26',
113 silly audit report       title: 'minimatch has a ReDoS via repeated wildcards with non-matching literal in pattern',
113 silly audit report       severity: 'high',
113 silly audit report       vulnerable_versions: '<3.1.3',
113 silly audit report       cwe: [Array],
113 silly audit report       cvss: [Object]
113 silly audit report     },
113 silly audit report     {
113 silly audit report       id: 1113461,
113 silly audit report       url: 'https://github.com/advisories/GHSA-3ppc-4f35-3m26',
113 silly audit report       title: 'minimatch has a ReDoS via repeated wildcards with non-matching literal in pattern',
113 silly audit report       severity: 'high',
113 silly audit report       vulnerable_versions: '>=5.0.0 <5.1.7',
113 silly audit report       cwe: [Array],
113 silly audit report       cvss: [Object]
113 silly audit report     },
113 silly audit report     {
113 silly audit report       id: 1113465,
113 silly audit report       url: 'https://github.com/advisories/GHSA-3ppc-4f35-3m26',
113 silly audit report       title: 'minimatch has a ReDoS via repeated wildcards with non-matching literal in pattern',
113 silly audit report       severity: 'high',
113 silly audit report       vulnerable_versions: '>=9.0.0 <9.0.6',
113 silly audit report       cwe: [Array],
113 silly audit report       cvss: [Object]
113 silly audit report     },
113 silly audit report     {
113 silly audit report       id: 1113538,
113 silly audit report       url: 'https://github.com/advisories/GHSA-7r86-cg39-jmmj',
113 silly audit report       title: 'minimatch has ReDoS: matchOne() combinatorial backtracking via multiple non-adjacent GLOBSTAR segments',
113 silly audit report       severity: 'high',
113 silly audit report       vulnerable_versions: '<3.1.3',
113 silly audit report       cwe: [Array],
113 silly audit report       cvss: [Object]
113 silly audit report     },
113 silly audit report     {
113 silly audit report       id: 1113540,
113 silly audit report       url: 'https://github.com/advisories/GHSA-7r86-cg39-jmmj',
113 silly audit report       title: 'minimatch has ReDoS: matchOne() combinatorial backtracking via multiple non-adjacent GLOBSTAR segments',
113 silly audit report       severity: 'high',
113 silly audit report       vulnerable_versions: '>=5.0.0 <5.1.8',
113 silly audit report       cwe: [Array],
113 silly audit report       cvss: [Object]
113 silly audit report     },
113 silly audit report     {
113 silly audit report       id: 1113544,
113 silly audit report       url: 'https://github.com/advisories/GHSA-7r86-cg39-jmmj',
113 silly audit report       title: 'minimatch has ReDoS: matchOne() combinatorial backtracking via multiple non-adjacent GLOBSTAR segments',
113 silly audit report       severity: 'high',
113 silly audit report       vulnerable_versions: '>=9.0.0 <9.0.7',
113 silly audit report       cwe: [Array],
113 silly audit report       cvss: [Object]
113 silly audit report     },
113 silly audit report     {
113 silly audit report       id: 1113546,
113 silly audit report       url: 'https://github.com/advisories/GHSA-23c5-xmqv-rm74',
113 silly audit report       title: 'minimatch ReDoS: nested *() extglobs generate catastrophically backtracking regular expressions',
113 silly audit report       severity: 'high',
113 silly audit report       vulnerable_versions: '<3.1.4',
113 silly audit report       cwe: [Array],
113 silly audit report       cvss: [Object]
113 silly audit report     },
113 silly audit report     {
113 silly audit report       id: 1113548,
113 silly audit report       url: 'https://github.com/advisories/GHSA-23c5-xmqv-rm74',
113 silly audit report       title: 'minimatch ReDoS: nested *() extglobs generate catastrophically backtracking regular expressions',
113 silly audit report       severity: 'high',
113 silly audit report       vulnerable_versions: '>=5.0.0 <5.1.8',
113 silly audit report       cwe: [Array],
113 silly audit report       cvss: [Object]
113 silly audit report     },
113 silly audit report     {
113 silly audit report       id: 1113552,
113 silly audit report       url: 'https://github.com/advisories/GHSA-23c5-xmqv-rm74',
113 silly audit report       title: 'minimatch ReDoS: nested *() extglobs generate catastrophically backtracking regular expressions',
113 silly audit report       severity: 'high',
113 silly audit report       vulnerable_versions: '>=9.0.0 <9.0.7',
113 silly audit report       cwe: [Array],
113 silly audit report       cvss: [Object]
113 silly audit report     }
113 silly audit report   ],
113 silly audit report   flatted: [
113 silly audit report     {
113 silly audit report       id: 1114526,
113 silly audit report       url: 'https://github.com/advisories/GHSA-25h7-pfq9-p65f',
113 silly audit report       title: 'flatted vulnerable to unbounded recursion DoS in parse() revive phase',
113 silly audit report       severity: 'high',
113 silly audit report       vulnerable_versions: '<3.4.0',
113 silly audit report       cwe: [Array],
113 silly audit report       cvss: [Object]
113 silly audit report     },
113 silly audit report     {
113 silly audit report       id: 1114934,
113 silly audit report       url: 'https://github.com/advisories/GHSA-rf6f-7fwh-wjgh',
113 silly audit report       title: 'Prototype Pollution via parse() in NodeJS flatted',
113 silly audit report       severity: 'high',
113 silly audit report       vulnerable_versions: '<=3.4.1',
113 silly audit report       cwe: [Array],
113 silly audit report       cvss: [Object]
113 silly audit report     }
113 silly audit report   ],
113 silly audit report   'form-data': [
113 silly audit report     {
113 silly audit report       id: 1109539,
113 silly audit report       url: 'https://github.com/advisories/GHSA-fjxv-7rqg-78g4',
113 silly audit report       title: 'form-data uses unsafe random function in form-data for choosing boundary',
113 silly audit report       severity: 'critical',
113 silly audit report       vulnerable_versions: '>=3.0.0 <3.0.4',
113 silly audit report       cwe: [Array],
113 silly audit report       cvss: [Object]
113 silly audit report     }
113 silly audit report   ],
113 silly audit report   glob: [
113 silly audit report     {
113 silly audit report       id: 1109842,
113 silly audit report       url: 'https://github.com/advisories/GHSA-5j98-mcp5-4vw2',
113 silly audit report       title: 'glob CLI: Command injection via -c/--cmd executes matches with shell:true',
113 silly audit report       severity: 'high',
113 silly audit report       vulnerable_versions: '>=10.2.0 <10.5.0',
113 silly audit report       cwe: [Array],
113 silly audit report       cvss: [Object]
113 silly audit report     }
113 silly audit report   ],
113 silly audit report   'http-proxy-middleware': [
113 silly audit report     {
113 silly audit report       id: 1100223,
113 silly audit report       url: 'https://github.com/advisories/GHSA-c7qv-q95q-8v27',
113 silly audit report       title: 'Denial of service in http-proxy-middleware',
113 silly audit report       severity: 'high',
113 silly audit report       vulnerable_versions: '<2.0.7',
113 silly audit report       cwe: [Array],
113 silly audit report       cvss: [Object]
113 silly audit report     },
113 silly audit report     {
113 silly audit report       id: 1104105,
113 silly audit report       url: 'https://github.com/advisories/GHSA-9gqv-wp59-fq42',
113 silly audit report       title: 'http-proxy-middleware allows fixRequestBody to proceed even if bodyParser has failed',
113 silly audit report       severity: 'moderate',
113 silly audit report       vulnerable_versions: '>=1.3.0 <2.0.9',
113 silly audit report       cwe: [Array],
113 silly audit report       cvss: [Object]
113 silly audit report     },
113 silly audit report     {
113 silly audit report       id: 1104106,
113 silly audit report       url: 'https://github.com/advisories/GHSA-4www-5p9h-95mh',
113 silly audit report       title: 'http-proxy-middleware can call writeBody twice because "else if" is not used',
113 silly audit report       severity: 'moderate',
113 silly audit report       vulnerable_versions: '>=1.3.0 <2.0.8',
113 silly audit report       cwe: [Array],
113 silly audit report       cvss: [Object]
113 silly audit report     }
113 silly audit report   ],
113 silly audit report   jsonpath: [
113 silly audit report     {
113 silly audit report       id: 1112974,
113 silly audit report       url: 'https://github.com/advisories/GHSA-6c59-mwgh-r2x6',
113 silly audit report       title: 'JSONPath vulnerable to Prototype Pollution due to insufficient input validation of object keys in lib/index.js',
113 silly audit report       severity: 'moderate',
113 silly audit report       vulnerable_versions: '<1.2.0',
113 silly audit report       cwe: [Array],
113 silly audit report       cvss: [Object]
113 silly audit report     },
113 silly audit report     {
113 silly audit report       id: 1114914,
113 silly audit report       url: 'https://github.com/advisories/GHSA-87r5-mp6g-5w5j',
113 silly audit report       title: 'jsonpath has Arbitrary Code Injection via Unsafe Evaluation of JSON Path Expressions',
113 silly audit report       severity: 'high',
113 silly audit report       vulnerable_versions: '<=1.2.1',
113 silly audit report       cwe: [Array],
113 silly audit report       cvss: [Object]
113 silly audit report     }
113 silly audit report   ],
113 silly audit report   lodash: [
113 silly audit report     {
113 silly audit report       id: 1112455,
113 silly audit report       url: 'https://github.com/advisories/GHSA-xxjr-mmjv-4gpg',
113 silly audit report       title: 'Lodash has Prototype Pollution Vulnerability in `_.unset` and `_.omit` functions',
113 silly audit report       severity: 'moderate',
113 silly audit report       vulnerable_versions: '>=4.0.0 <=4.17.22',
113 silly audit report       cwe: [Array],
113 silly audit report       cvss: [Object]
113 silly audit report     }
113 silly audit report   ],
113 silly audit report   micromatch: [
113 silly audit report     {
113 silly audit report       id: 1098681,
113 silly audit report       url: 'https://github.com/advisories/GHSA-952p-6rrq-rcjv',
113 silly audit report       title: 'Regular Expression Denial of Service (ReDoS) in micromatch',
113 silly audit report       severity: 'moderate',
113 silly audit report       vulnerable_versions: '<4.0.8',
113 silly audit report       cwe: [Array],
113 silly audit report       cvss: [Object]
113 silly audit report     }
113 silly audit report   ],
113 silly audit report   nanoid: [
113 silly audit report     {
113 silly audit report       id: 1109563,
113 silly audit report       url: 'https://github.com/advisories/GHSA-mwcw-c2x4-8c55',
113 silly audit report       title: 'Predictable results in nanoid generation when given non-integer values',
113 silly audit report       severity: 'moderate',
113 silly audit report       vulnerable_versions: '<3.3.8',
113 silly audit report       cwe: [Array],
113 silly audit report       cvss: [Object]
113 silly audit report     }
113 silly audit report   ],
113 silly audit report   'node-forge': [
113 silly audit report     {
113 silly audit report       id: 1110996,
113 silly audit report       url: 'https://github.com/advisories/GHSA-554w-wpv2-vw27',
113 silly audit report       title: 'node-forge has ASN.1 Unbounded Recursion',
113 silly audit report       severity: 'high',
113 silly audit report       vulnerable_versions: '<1.3.2',
113 silly audit report       cwe: [Array],
113 silly audit report       cvss: [Object]
113 silly audit report     },
113 silly audit report     {
113 silly audit report       id: 1110998,
113 silly audit report       url: 'https://github.com/advisories/GHSA-5gfm-wpxj-wjgq',
113 silly audit report       title: 'node-forge has an Interpretation Conflict vulnerability via its ASN.1 Validator Desynchronization',
113 silly audit report       severity: 'high',
113 silly audit report       vulnerable_versions: '<1.3.2',
113 silly audit report       cwe: [Array],
113 silly audit report       cvss: [Object]
113 silly audit report     },
113 silly audit report     {
113 silly audit report       id: 1111068,
113 silly audit report       url: 'https://github.com/advisories/GHSA-65ch-62r8-g69g',
113 silly audit report       title: 'node-forge is vulnerable to ASN.1 OID Integer Truncation',
113 silly audit report       severity: 'moderate',
113 silly audit report       vulnerable_versions: '<1.3.2',
113 silly audit report       cwe: [Array],
113 silly audit report       cvss: [Object]
113 silly audit report     }
113 silly audit report   ],
113 silly audit report   'nth-check': [
113 silly audit report     {
113 silly audit report       id: 1095141,
113 silly audit report       url: 'https://github.com/advisories/GHSA-rp65-9cf3-cjxr',
113 silly audit report       title: 'Inefficient Regular Expression Complexity in nth-check',
113 silly audit report       severity: 'high',
113 silly audit report       vulnerable_versions: '<2.0.1',
113 silly audit report       cwe: [Array],
113 silly audit report       cvss: [Object]
113 silly audit report     }
113 silly audit report   ],
113 silly audit report   'on-headers': [
113 silly audit report     {
113 silly audit report       id: 1106812,
113 silly audit report       url: 'https://github.com/advisories/GHSA-76c9-3jph-rj3q',
113 silly audit report       title: 'on-headers is vulnerable to http response header manipulation',
113 silly audit report       severity: 'low',
113 silly audit report       vulnerable_versions: '<1.1.0',
113 silly audit report       cwe: [Array],
113 silly audit report       cvss: [Object]
113 silly audit report     }
113 silly audit report   ],
113 silly audit report   'path-to-regexp': [
113 silly audit report     {
113 silly audit report       id: 1101850,
113 silly audit report       url: 'https://github.com/advisories/GHSA-9wv6-86v2-598j',
113 silly audit report       title: 'path-to-regexp outputs backtracking regular expressions',
113 silly audit report       severity: 'high',
113 silly audit report       vulnerable_versions: '<0.1.10',
113 silly audit report       cwe: [Array],
113 silly audit report       cvss: [Object]
113 silly audit report     },
113 silly audit report     {
113 silly audit report       id: 1105199,
113 silly audit report       url: 'https://github.com/advisories/GHSA-rhx6-c78j-4q9w',
113 silly audit report       title: 'path-to-regexp contains a ReDoS',
113 silly audit report       severity: 'high',
113 silly audit report       vulnerable_versions: '<0.1.12',
113 silly audit report       cwe: [Array],
113 silly audit report       cvss: [Object]
113 silly audit report     }
113 silly audit report   ],
113 silly audit report   postcss: [
113 silly audit report     {
113 silly audit report       id: 1109574,
113 silly audit report       url: 'https://github.com/advisories/GHSA-7fh5-64p2-3v2j',
113 silly audit report       title: 'PostCSS line return parsing error',
113 silly audit report       severity: 'moderate',
113 silly audit report       vulnerable_versions: '<8.4.31',
113 silly audit report       cwe: [Array],
113 silly audit report       cvss: [Object]
113 silly audit report     }
113 silly audit report   ],
113 silly audit report   svgo: [
113 silly audit report     {
113 silly audit report       id: 1114152,
113 silly audit report       url: 'https://github.com/advisories/GHSA-xpqw-6gx7-v673',
113 silly audit report       title: 'SVGO DoS through entity expansion in DOCTYPE (Billion Laughs)',
113 silly audit report       severity: 'high',
113 silly audit report       vulnerable_versions: '>=2.1.0 <2.8.1',
113 silly audit report       cwe: [Array],
113 silly audit report       cvss: [Object]
113 silly audit report     }
113 silly audit report   ],
113 silly audit report   qs: [
113 silly audit report     {
113 silly audit report       id: 1113161,
113 silly audit report       url: 'https://github.com/advisories/GHSA-w7fw-mjwx-w883',
113 silly audit report       title: "qs's arrayLimit bypass in comma parsing allows denial of service",
113 silly audit report       severity: 'low',
113 silly audit report       vulnerable_versions: '>=6.7.0 <=6.14.1',
113 silly audit report       cwe: [Array],
113 silly audit report       cvss: [Object]
113 silly audit report     },
113 silly audit report     {
113 silly audit report       id: 1113719,
113 silly audit report       url: 'https://github.com/advisories/GHSA-6rw7-vpxm-498p',
113 silly audit report       title: "qs's arrayLimit bypass in its bracket notation allows DoS via memory exhaustion",
113 silly audit report       severity: 'moderate',
113 silly audit report       vulnerable_versions: '<6.14.1',
113 silly audit report       cwe: [Array],
113 silly audit report       cvss: [Object]
113 silly audit report     }
113 silly audit report   ],
113 silly audit report   'react-router': [
113 silly audit report     {
113 silly audit report       id: 1112057,
113 silly audit report       url: 'https://github.com/advisories/GHSA-9jcx-v3wj-wh4m',
113 silly audit report       title: 'React Router has unexpected external redirect via untrusted paths',
113 silly audit report       severity: 'moderate',
113 silly audit report       vulnerable_versions: '>=6.0.0 <6.30.2',
113 silly audit report       cwe: [Array],
113 silly audit report       cvss: [Object]
113 silly audit report     }
113 silly audit report   ],
113 silly audit report   rollup: [
113 silly audit report     {
113 silly audit report       id: 1099757,
113 silly audit report       url: 'https://github.com/advisories/GHSA-gcx4-mw62-g8wm',
113 silly audit report       title: 'DOM Clobbering Gadget found in rollup bundled scripts that leads to XSS',
113 silly audit report       severity: 'high',
113 silly audit report       vulnerable_versions: '<2.79.2',
113 silly audit report       cwe: [Array],
113 silly audit report       cvss: [Object]
113 silly audit report     },
113 silly audit report     {
113 silly audit report       id: 1113517,
113 silly audit report       url: 'https://github.com/advisories/GHSA-mw96-cpmx-2vgc',
113 silly audit report       title: 'Rollup 4 has Arbitrary File Write via Path Traversal',
113 silly audit report       severity: 'high',
113 silly audit report       vulnerable_versions: '<2.80.0',
113 silly audit report       cwe: [Array],
113 silly audit report       cvss: [Object]
113 silly audit report     }
113 silly audit report   ],
113 silly audit report   'serialize-javascript': [
113 silly audit report     {
113 silly audit report       id: 1113686,
113 silly audit report       url: 'https://github.com/advisories/GHSA-5c6j-r48x-rmvq',
113 silly audit report       title: 'Serialize JavaScript is Vulnerable to RCE via RegExp.flags and Date.prototype.toISOString()',
113 silly audit report       severity: 'high',
113 silly audit report       vulnerable_versions: '<=7.0.2',
113 silly audit report       cwe: [Array],
113 silly audit report       cvss: [Object]
113 silly audit report     }
113 silly audit report   ],
113 silly audit report   send: [
113 silly audit report     {
113 silly audit report       id: 1109556,
113 silly audit report       url: 'https://github.com/advisories/GHSA-m6fv-jmcg-4jfg',
113 silly audit report       title: 'send vulnerable to template injection that can lead to XSS',
113 silly audit report       severity: 'low',
113 silly audit report       vulnerable_versions: '<0.19.0',
113 silly audit report       cwe: [Array],
113 silly audit report       cvss: [Object]
113 silly audit report     }
113 silly audit report   ],
113 silly audit report   'serve-static': [
113 silly audit report     {
113 silly audit report       id: 1100528,
113 silly audit report       url: 'https://github.com/advisories/GHSA-cm22-4g7w-348p',
113 silly audit report       title: 'serve-static vulnerable to template injection that can lead to XSS',
113 silly audit report       severity: 'low',
113 silly audit report       vulnerable_versions: '<1.16.0',
113 silly audit report       cwe: [Array],
113 silly audit report       cvss: [Object]
113 silly audit report     }
113 silly audit report   ],
113 silly audit report   underscore: [
113 silly audit report     {
113 silly audit report       id: 1113950,
113 silly audit report       url: 'https://github.com/advisories/GHSA-qpx9-hpmf-5gmw',
113 silly audit report       title: 'Underscore has unlimited recursion in _.flatten and _.isEqual, potential for DoS attack',
113 silly audit report       severity: 'high',
113 silly audit report       vulnerable_versions: '<=1.13.7',
113 silly audit report       cwe: [Array],
113 silly audit report       cvss: [Object]
113 silly audit report     }
113 silly audit report   ],
113 silly audit report   webpack: [
113 silly audit report     {
113 silly audit report       id: 1113041,
113 silly audit report       url: 'https://github.com/advisories/GHSA-8fgc-7cc6-rx7x',
113 silly audit report       title: 'webpack buildHttp: allowedUris allow-list bypass via URL userinfo (@) leading to build-time SSRF behavior',
113 silly audit report       severity: 'low',
113 silly audit report       vulnerable_versions: '>=5.49.0 <=5.104.0',
113 silly audit report       cwe: [Array],
113 silly audit report       cvss: [Object]
113 silly audit report     },
113 silly audit report     {
113 silly audit report       id: 1113042,
113 silly audit report       url: 'https://github.com/advisories/GHSA-38r7-794h-5758',
113 silly audit report       title: 'webpack buildHttp HttpUriPlugin allowedUris bypass via HTTP redirects → SSRF + cache persistence',
113 silly audit report       severity: 'low',
113 silly audit report       vulnerable_versions: '>=5.49.0 <5.104.0',
113 silly audit report       cwe: [Array],
113 silly audit report       cvss: [Object]
113 silly audit report     },
113 silly audit report     {
113 silly audit report       id: 1099351,
113 silly audit report       url: 'https://github.com/advisories/GHSA-4vvj-4cpr-p986',
113 silly audit report       title: "Webpack's AutoPublicPathRuntimeModule has a DOM Clobbering Gadget that leads to XSS",
113 silly audit report       severity: 'moderate',
113 silly audit report       vulnerable_versions: '>=5.0.0-alpha.0 <5.94.0',
113 silly audit report       cwe: [Array],
113 silly audit report       cvss: [Object]
113 silly audit report     }
113 silly audit report   ],
113 silly audit report   'webpack-dev-server': [
113 silly audit report     {
113 silly audit report       id: 1108429,
113 silly audit report       url: 'https://github.com/advisories/GHSA-9jgg-88mc-972h',
113 silly audit report       title: "webpack-dev-server users' source code may be stolen when they access a malicious web site with non-Chromium based browser",
113 silly audit report       severity: 'moderate',
113 silly audit report       vulnerable_versions: '<=5.2.0',
113 silly audit report       cwe: [Array],
113 silly audit report       cvss: [Object]
113 silly audit report     },
113 silly audit report     {
113 silly audit report       id: 1108430,
113 silly audit report       url: 'https://github.com/advisories/GHSA-4v9v-hfq4-rm2v',
113 silly audit report       title: "webpack-dev-server users' source code may be stolen when they access a malicious web site",
113 silly audit report       severity: 'moderate',
113 silly audit report       vulnerable_versions: '<=5.2.0',
113 silly audit report       cwe: [Array],
113 silly audit report       cvss: [Object]
113 silly audit report     }
113 silly audit report   ],
113 silly audit report   ws: [
113 silly audit report     {
113 silly audit report       id: 1098393,
113 silly audit report       url: 'https://github.com/advisories/GHSA-3h5v-q93c-6h6q',
113 silly audit report       title: 'ws affected by a DoS when handling a request with many HTTP headers',
113 silly audit report       severity: 'high',
113 silly audit report       vulnerable_versions: '>=7.0.0 <7.5.10',
113 silly audit report       cwe: [Array],
113 silly audit report       cvss: [Object]
113 silly audit report     },
113 silly audit report     {
113 silly audit report       id: 1098392,
113 silly audit report       url: 'https://github.com/advisories/GHSA-3h5v-q93c-6h6q',
113 silly audit report       title: 'ws affected by a DoS when handling a request with many HTTP headers',
113 silly audit report       severity: 'high',
113 silly audit report       vulnerable_versions: '>=8.0.0 <8.17.1',
113 silly audit report       cwe: [Array],
113 silly audit report       cvss: [Object]
113 silly audit report     }
113 silly audit report   ]
113 silly audit report }
114 silly packumentCache corgi:https://registry.npmjs.org/@babel%2fhelpers cache-miss
115 silly packumentCache corgi:https://registry.npmjs.org/@babel%2fruntime cache-miss
116 silly packumentCache corgi:https://registry.npmjs.org/js-yaml cache-miss
117 silly packumentCache corgi:https://registry.npmjs.org/@remix-run%2frouter cache-miss
118 silly packumentCache corgi:https://registry.npmjs.org/@tootallnate%2fonce cache-miss
119 silly packumentCache corgi:https://registry.npmjs.org/ajv cache-miss
120 silly packumentCache corgi:https://registry.npmjs.org/body-parser cache-miss
121 silly packumentCache corgi:https://registry.npmjs.org/brace-expansion cache-miss
122 silly packumentCache corgi:https://registry.npmjs.org/cookie cache-miss
123 silly packumentCache corgi:https://registry.npmjs.org/cross-spawn cache-miss
124 silly packumentCache corgi:https://registry.npmjs.org/express cache-miss
125 silly packumentCache corgi:https://registry.npmjs.org/minimatch cache-miss
126 silly packumentCache corgi:https://registry.npmjs.org/flatted cache-miss
127 silly packumentCache corgi:https://registry.npmjs.org/form-data cache-miss
128 silly packumentCache corgi:https://registry.npmjs.org/glob cache-miss
129 silly packumentCache corgi:https://registry.npmjs.org/http-proxy-middleware cache-miss
130 silly packumentCache corgi:https://registry.npmjs.org/jsonpath cache-miss
131 silly packumentCache corgi:https://registry.npmjs.org/lodash cache-miss
132 silly packumentCache corgi:https://registry.npmjs.org/micromatch cache-miss
133 silly packumentCache corgi:https://registry.npmjs.org/nanoid cache-miss
134 silly packumentCache corgi:https://registry.npmjs.org/node-forge cache-miss
135 silly packumentCache corgi:https://registry.npmjs.org/nth-check cache-miss
136 silly packumentCache corgi:https://registry.npmjs.org/on-headers cache-miss
137 silly packumentCache corgi:https://registry.npmjs.org/path-to-regexp cache-miss
138 silly packumentCache corgi:https://registry.npmjs.org/postcss cache-miss
139 silly packumentCache corgi:https://registry.npmjs.org/svgo cache-miss
140 silly packumentCache corgi:https://registry.npmjs.org/qs cache-miss
141 silly packumentCache corgi:https://registry.npmjs.org/react-router cache-miss
142 silly packumentCache corgi:https://registry.npmjs.org/rollup cache-miss
143 silly packumentCache corgi:https://registry.npmjs.org/serialize-javascript cache-miss
144 silly packumentCache corgi:https://registry.npmjs.org/send cache-miss
145 silly packumentCache corgi:https://registry.npmjs.org/serve-static cache-miss
146 silly packumentCache corgi:https://registry.npmjs.org/underscore cache-miss
147 silly packumentCache corgi:https://registry.npmjs.org/webpack cache-miss
148 silly packumentCache corgi:https://registry.npmjs.org/webpack-dev-server cache-miss
149 silly packumentCache corgi:https://registry.npmjs.org/ws cache-miss
150 http fetch GET 200 https://registry.npmjs.org/@babel%2fruntime 76ms (cache revalidated)
151 silly packumentCache corgi:https://registry.npmjs.org/@babel%2fruntime set size:222229 disposed:false
152 http fetch GET 200 https://registry.npmjs.org/body-parser 78ms (cache revalidated)
153 silly packumentCache corgi:https://registry.npmjs.org/body-parser set size:77795 disposed:false
154 http fetch GET 200 https://registry.npmjs.org/@tootallnate%2fonce 93ms (cache revalidated)
155 silly packumentCache corgi:https://registry.npmjs.org/@tootallnate%2fonce set size:10818 disposed:false
156 http fetch GET 200 https://registry.npmjs.org/@babel%2fhelpers 98ms (cache revalidated)
157 silly packumentCache corgi:https://registry.npmjs.org/@babel%2fhelpers set size:207496 disposed:false
158 http fetch GET 200 https://registry.npmjs.org/http-proxy-middleware 113ms (cache revalidated)
159 silly packumentCache corgi:https://registry.npmjs.org/http-proxy-middleware set size:146277 disposed:false
160 http fetch GET 200 https://registry.npmjs.org/glob 126ms (cache revalidated)
161 silly packumentCache corgi:https://registry.npmjs.org/glob set size:199194 disposed:false
162 http fetch GET 200 https://registry.npmjs.org/micromatch 141ms (cache revalidated)
163 silly packumentCache corgi:https://registry.npmjs.org/micromatch set size:71776 disposed:false
164 http fetch GET 200 https://registry.npmjs.org/@testing-library/user-event/-/user-event-14.6.1.tgz 429ms (cache miss)
165 http fetch GET 200 https://registry.npmjs.org/lodash 151ms (cache revalidated)
166 silly packumentCache corgi:https://registry.npmjs.org/lodash set size:68481 disposed:false
167 http fetch GET 200 https://registry.npmjs.org/@testing-library/react/-/react-16.3.2.tgz 447ms (cache miss)
168 http fetch GET 200 https://registry.npmjs.org/brace-expansion 169ms (cache revalidated)
169 silly packumentCache corgi:https://registry.npmjs.org/brace-expansion set size:18511 disposed:false
170 http fetch GET 200 https://registry.npmjs.org/express 175ms (cache revalidated)
171 silly packumentCache corgi:https://registry.npmjs.org/express set size:337735 disposed:false
172 http fetch GET 200 https://registry.npmjs.org/ajv 179ms (cache revalidated)
173 silly packumentCache corgi:https://registry.npmjs.org/ajv set size:464537 disposed:false
174 http fetch GET 200 https://registry.npmjs.org/cookie 188ms (cache revalidated)
175 silly packumentCache corgi:https://registry.npmjs.org/cookie set size:23677 disposed:false
176 http fetch GET 200 https://registry.npmjs.org/form-data 189ms (cache revalidated)
177 silly packumentCache corgi:https://registry.npmjs.org/form-data set size:51426 disposed:false
178 http fetch GET 200 https://registry.npmjs.org/node-forge 190ms (cache revalidated)
179 silly packumentCache corgi:https://registry.npmjs.org/node-forge set size:105368 disposed:false
180 http fetch GET 200 https://registry.npmjs.org/path-to-regexp 190ms (cache revalidated)
181 silly packumentCache corgi:https://registry.npmjs.org/path-to-regexp set size:63416 disposed:false
182 http fetch GET 200 https://registry.npmjs.org/flatted 195ms (cache revalidated)
183 silly packumentCache corgi:https://registry.npmjs.org/flatted set size:57858 disposed:false
184 http fetch GET 200 https://registry.npmjs.org/minimatch 199ms (cache revalidated)
185 silly packumentCache corgi:https://registry.npmjs.org/minimatch set size:167610 disposed:false
186 http fetch GET 200 https://registry.npmjs.org/cross-spawn 209ms (cache revalidated)
187 silly packumentCache corgi:https://registry.npmjs.org/cross-spawn set size:44626 disposed:false
188 http fetch GET 200 https://registry.npmjs.org/nanoid 212ms (cache revalidated)
189 silly packumentCache corgi:https://registry.npmjs.org/nanoid set size:145068 disposed:false
190 http fetch GET 200 https://registry.npmjs.org/qs 218ms (cache revalidated)
191 silly packumentCache corgi:https://registry.npmjs.org/qs set size:143799 disposed:false
192 http fetch GET 200 https://registry.npmjs.org/nth-check 225ms (cache revalidated)
193 silly packumentCache corgi:https://registry.npmjs.org/nth-check set size:12198 disposed:false
194 http fetch GET 200 https://registry.npmjs.org/postcss 237ms (cache revalidated)
195 silly packumentCache corgi:https://registry.npmjs.org/postcss set size:338811 disposed:false
196 http fetch GET 200 https://registry.npmjs.org/rollup 241ms (cache revalidated)
197 silly packumentCache corgi:https://registry.npmjs.org/rollup set size:2551767 disposed:false
198 http fetch GET 200 https://registry.npmjs.org/serialize-javascript 256ms (cache revalidated)
199 silly packumentCache corgi:https://registry.npmjs.org/serialize-javascript set size:35366 disposed:false
200 http fetch GET 200 https://registry.npmjs.org/svgo 257ms (cache revalidated)
201 silly packumentCache corgi:https://registry.npmjs.org/svgo set size:138618 disposed:false
202 http fetch GET 200 https://registry.npmjs.org/underscore 257ms (cache revalidated)
203 silly packumentCache corgi:https://registry.npmjs.org/underscore set size:54625 disposed:false
204 http fetch GET 200 https://registry.npmjs.org/serve-static 257ms (cache revalidated)
205 silly packumentCache corgi:https://registry.npmjs.org/serve-static set size:58234 disposed:false
206 http fetch GET 200 https://registry.npmjs.org/react-router 260ms (cache revalidated)
207 silly packumentCache corgi:https://registry.npmjs.org/react-router set size:1294593 disposed:false
208 http fetch GET 200 https://registry.npmjs.org/ws 270ms (cache revalidated)
209 silly packumentCache corgi:https://registry.npmjs.org/ws set size:195276 disposed:false
210 http fetch GET 200 https://registry.npmjs.org/webpack 274ms (cache revalidated)
211 silly packumentCache corgi:https://registry.npmjs.org/webpack set size:1999728 disposed:false
212 http fetch GET 200 https://registry.npmjs.org/webpack-dev-server 289ms (cache revalidated)
213 silly packumentCache corgi:https://registry.npmjs.org/webpack-dev-server set size:458386 disposed:false
214 http fetch GET 200 https://registry.npmjs.org/send 297ms (cache revalidated)
215 silly packumentCache corgi:https://registry.npmjs.org/send set size:63171 disposed:false
216 http fetch GET 200 https://registry.npmjs.org/jsonpath 320ms (cache revalidated)
217 silly packumentCache corgi:https://registry.npmjs.org/jsonpath set size:24482 disposed:false
218 http fetch GET 200 https://registry.npmjs.org/@remix-run%2frouter 426ms (cache revalidated)
219 silly packumentCache corgi:https://registry.npmjs.org/@remix-run%2frouter set size:212922 disposed:false
220 http fetch GET 200 https://registry.npmjs.org/on-headers 454ms (cache revalidated)
221 silly packumentCache corgi:https://registry.npmjs.org/on-headers set size:4386 disposed:false
222 http fetch GET 200 https://registry.npmjs.org/@testing-library/jest-dom/-/jest-dom-6.9.1.tgz 739ms (cache miss)
223 http fetch GET 200 https://registry.npmjs.org/js-yaml 861ms (cache revalidated)
224 silly packumentCache corgi:https://registry.npmjs.org/js-yaml set size:58533 disposed:false
225 silly packumentCache corgi:https://registry.npmjs.org/@babel%2fcore cache-miss
226 http fetch GET 200 https://registry.npmjs.org/@babel%2fcore 57ms (cache revalidated)
227 silly packumentCache corgi:https://registry.npmjs.org/@babel%2fcore set size:410230 disposed:false
228 silly packumentCache corgi:https://registry.npmjs.org/@testing-library%2fdom cache-miss
229 silly packumentCache corgi:https://registry.npmjs.org/babel-plugin-macros cache-miss
230 silly packumentCache corgi:https://registry.npmjs.org/babel-preset-react-app cache-miss
231 silly packumentCache corgi:https://registry.npmjs.org/eslint-plugin-jsx-a11y cache-miss
232 silly packumentCache corgi:https://registry.npmjs.org/regenerator-transform cache-miss
233 silly packumentCache corgi:https://registry.npmjs.org/workbox-build cache-miss
234 silly packumentCache corgi:https://registry.npmjs.org/@testing-library%2freact cache-miss
235 http fetch GET 200 https://registry.npmjs.org/eslint-plugin-jsx-a11y 55ms (cache revalidated)
236 silly packumentCache corgi:https://registry.npmjs.org/eslint-plugin-jsx-a11y set size:108835 disposed:false
237 http fetch GET 200 https://registry.npmjs.org/regenerator-transform 58ms (cache revalidated)
238 silly packumentCache corgi:https://registry.npmjs.org/regenerator-transform set size:38635 disposed:false
239 http fetch GET 200 https://registry.npmjs.org/babel-plugin-macros 60ms (cache revalidated)
240 silly packumentCache corgi:https://registry.npmjs.org/babel-plugin-macros set size:48216 disposed:false
241 http fetch GET 200 https://registry.npmjs.org/babel-preset-react-app 61ms (cache revalidated)
242 silly packumentCache corgi:https://registry.npmjs.org/babel-preset-react-app set size:147133 disposed:false
243 http fetch GET 200 https://registry.npmjs.org/workbox-build 64ms (cache revalidated)
244 silly packumentCache corgi:https://registry.npmjs.org/workbox-build set size:192745 disposed:false
245 http fetch GET 200 https://registry.npmjs.org/@testing-library%2freact 67ms (cache revalidated)
246 silly packumentCache corgi:https://registry.npmjs.org/@testing-library%2freact set size:206208 disposed:false
247 http fetch GET 200 https://registry.npmjs.org/@testing-library%2fdom 324ms (cache revalidated)
248 silly packumentCache corgi:https://registry.npmjs.org/@testing-library%2fdom set size:406574 disposed:false
249 silly packumentCache corgi:https://registry.npmjs.org/@istanbuljs%2fload-nyc-config cache-miss
250 http fetch GET 200 https://registry.npmjs.org/@istanbuljs%2fload-nyc-config 69ms (cache revalidated)
251 silly packumentCache corgi:https://registry.npmjs.org/@istanbuljs%2fload-nyc-config set size:8602 disposed:false
252 silly packumentCache corgi:https://registry.npmjs.org/@eslint%2feslintrc cache-miss
253 silly packumentCache corgi:https://registry.npmjs.org/eslint cache-miss
254 http fetch GET 200 https://registry.npmjs.org/eslint 53ms (cache revalidated)
255 silly packumentCache corgi:https://registry.npmjs.org/eslint set size:1145130 disposed:false
256 http fetch GET 200 https://registry.npmjs.org/@eslint%2feslintrc 65ms (cache revalidated)
257 silly packumentCache corgi:https://registry.npmjs.org/@eslint%2feslintrc set size:83205 disposed:false
258 silly packumentCache corgi:https://registry.npmjs.org/react-router-dom cache-miss
259 http fetch GET 200 https://registry.npmjs.org/react-router-dom 63ms (cache revalidated)
260 silly packumentCache corgi:https://registry.npmjs.org/react-router-dom set size:1032482 disposed:false
261 silly packumentCache corgi:https://registry.npmjs.org/http-proxy-agent cache-miss
262 http fetch GET 200 https://registry.npmjs.org/http-proxy-agent 46ms (cache revalidated)
263 silly packumentCache corgi:https://registry.npmjs.org/http-proxy-agent set size:23656 disposed:false
264 silly packumentCache corgi:https://registry.npmjs.org/ajv-keywords cache-miss
265 silly packumentCache corgi:https://registry.npmjs.org/schema-utils cache-miss
266 http fetch GET 200 https://registry.npmjs.org/schema-utils 66ms (cache revalidated)
267 silly packumentCache corgi:https://registry.npmjs.org/schema-utils set size:76871 disposed:false
268 http fetch GET 200 https://registry.npmjs.org/ajv-keywords 70ms (cache revalidated)
269 silly packumentCache corgi:https://registry.npmjs.org/ajv-keywords set size:53509 disposed:false
270 silly packumentCache corgi:https://registry.npmjs.org/ajv-formats cache-miss
271 silly packumentCache corgi:https://registry.npmjs.org/@apideck%2fbetter-ajv-errors cache-miss
272 http fetch GET 200 https://registry.npmjs.org/ajv-formats 58ms (cache revalidated)
273 silly packumentCache corgi:https://registry.npmjs.org/ajv-formats set size:63554 disposed:false
274 http fetch GET 200 https://registry.npmjs.org/@apideck%2fbetter-ajv-errors 327ms (cache revalidated)
275 silly packumentCache corgi:https://registry.npmjs.org/@apideck%2fbetter-ajv-errors set size:25516 disposed:false
276 silly packumentCache corgi:https://registry.npmjs.org/execa cache-miss
277 silly packumentCache corgi:https://registry.npmjs.org/foreground-child cache-miss
278 silly packumentCache corgi:https://registry.npmjs.org/react-dev-utils cache-miss
279 http fetch GET 200 https://registry.npmjs.org/execa 53ms (cache revalidated)
280 silly packumentCache corgi:https://registry.npmjs.org/execa set size:88813 disposed:false
281 http fetch GET 200 https://registry.npmjs.org/foreground-child 57ms (cache revalidated)
282 silly packumentCache corgi:https://registry.npmjs.org/foreground-child set size:24617 disposed:false
283 http fetch GET 200 https://registry.npmjs.org/react-dev-utils 60ms (cache revalidated)
284 silly packumentCache corgi:https://registry.npmjs.org/react-dev-utils set size:182128 disposed:false
285 silly packumentCache corgi:https://registry.npmjs.org/@humanwhocodes%2fconfig-array cache-miss
286 silly packumentCache corgi:https://registry.npmjs.org/eslint-plugin-import cache-miss
287 silly packumentCache corgi:https://registry.npmjs.org/eslint-plugin-react cache-miss
288 silly packumentCache corgi:https://registry.npmjs.org/fork-ts-checker-webpack-plugin cache-miss
289 silly packumentCache corgi:https://registry.npmjs.org/jake cache-miss
290 silly packumentCache corgi:https://registry.npmjs.org/recursive-readdir cache-miss
291 silly packumentCache corgi:https://registry.npmjs.org/test-exclude cache-miss
292 http fetch GET 200 https://registry.npmjs.org/eslint-plugin-import 58ms (cache revalidated)
293 silly packumentCache corgi:https://registry.npmjs.org/eslint-plugin-import set size:238396 disposed:false
294 http fetch GET 200 https://registry.npmjs.org/test-exclude 66ms (cache revalidated)
295 silly packumentCache corgi:https://registry.npmjs.org/test-exclude set size:42527 disposed:false
296 http fetch GET 200 https://registry.npmjs.org/eslint-plugin-react 69ms (cache revalidated)
297 silly packumentCache corgi:https://registry.npmjs.org/eslint-plugin-react set size:309843 disposed:false
298 http fetch GET 200 https://registry.npmjs.org/@humanwhocodes%2fconfig-array 87ms (cache revalidated)
299 silly packumentCache corgi:https://registry.npmjs.org/@humanwhocodes%2fconfig-array set size:69299 disposed:false
300 http fetch GET 200 https://registry.npmjs.org/jake 313ms (cache revalidated)
301 silly packumentCache corgi:https://registry.npmjs.org/jake set size:132246 disposed:false
302 http fetch GET 200 https://registry.npmjs.org/fork-ts-checker-webpack-plugin 331ms (cache revalidated)
303 silly packumentCache corgi:https://registry.npmjs.org/fork-ts-checker-webpack-plugin set size:592540 disposed:false
304 http fetch GET 200 https://registry.npmjs.org/recursive-readdir 335ms (cache revalidated)
305 silly packumentCache corgi:https://registry.npmjs.org/recursive-readdir set size:10486 disposed:false
306 silly packumentCache corgi:https://registry.npmjs.org/filelist cache-miss
307 http fetch GET 200 https://registry.npmjs.org/filelist 51ms (cache revalidated)
308 silly packumentCache corgi:https://registry.npmjs.org/filelist set size:10834 disposed:false
309 silly packumentCache corgi:https://registry.npmjs.org/flat-cache cache-miss
310 http fetch GET 200 https://registry.npmjs.org/flat-cache 303ms (cache revalidated)
311 silly packumentCache corgi:https://registry.npmjs.org/flat-cache set size:49632 disposed:false
312 silly packumentCache corgi:https://registry.npmjs.org/jsdom cache-miss
313 http fetch GET 200 https://registry.npmjs.org/jsdom 61ms (cache revalidated)
314 silly packumentCache corgi:https://registry.npmjs.org/jsdom set size:377950 disposed:false
315 silly packumentCache corgi:https://registry.npmjs.org/sucrase cache-miss
316 http fetch GET 200 https://registry.npmjs.org/sucrase 52ms (cache revalidated)
317 silly packumentCache corgi:https://registry.npmjs.org/sucrase set size:163085 disposed:false
318 silly packumentCache corgi:https://registry.npmjs.org/bfj cache-miss
319 http fetch GET 200 https://registry.npmjs.org/bfj 57ms (cache revalidated)
320 silly packumentCache corgi:https://registry.npmjs.org/bfj set size:39803 disposed:false
321 silly packumentCache corgi:https://registry.npmjs.org/eslint-plugin-flowtype cache-miss
322 silly packumentCache corgi:https://registry.npmjs.org/html-webpack-plugin cache-miss
323 silly packumentCache corgi:https://registry.npmjs.org/pretty-error cache-miss
324 silly packumentCache corgi:https://registry.npmjs.org/renderkid cache-miss
325 silly packumentCache corgi:https://registry.npmjs.org/whatwg-url cache-miss
326 http fetch GET 200 https://registry.npmjs.org/html-webpack-plugin 52ms (cache revalidated)
327 silly packumentCache corgi:https://registry.npmjs.org/html-webpack-plugin set size:235743 disposed:false
328 http fetch GET 200 https://registry.npmjs.org/whatwg-url 54ms (cache revalidated)
329 silly packumentCache corgi:https://registry.npmjs.org/whatwg-url set size:68126 disposed:false
330 http fetch GET 200 https://registry.npmjs.org/renderkid 56ms (cache revalidated)
331 silly packumentCache corgi:https://registry.npmjs.org/renderkid set size:28799 disposed:false
332 http fetch GET 200 https://registry.npmjs.org/eslint-plugin-flowtype 57ms (cache revalidated)
333 silly packumentCache corgi:https://registry.npmjs.org/eslint-plugin-flowtype set size:279887 disposed:false
334 http fetch GET 200 https://registry.npmjs.org/pretty-error 59ms (cache revalidated)
335 silly packumentCache corgi:https://registry.npmjs.org/pretty-error set size:27665 disposed:false
336 silly packumentCache corgi:https://registry.npmjs.org/@jest%2fcore cache-miss
337 silly packumentCache corgi:https://registry.npmjs.org/@jest%2ftransform cache-miss
338 silly packumentCache corgi:https://registry.npmjs.org/eslint-webpack-plugin cache-miss
339 silly packumentCache corgi:https://registry.npmjs.org/fast-glob cache-miss
340 silly packumentCache corgi:https://registry.npmjs.org/jest-config cache-miss
341 silly packumentCache corgi:https://registry.npmjs.org/jest-haste-map cache-miss
342 silly packumentCache corgi:https://registry.npmjs.org/jest-message-util cache-miss
343 silly packumentCache corgi:https://registry.npmjs.org/tailwindcss cache-miss
344 http fetch GET 200 https://registry.npmjs.org/jest-config 51ms (cache revalidated)
345 silly packumentCache corgi:https://registry.npmjs.org/jest-config set size:525292 disposed:false
346 http fetch GET 200 https://registry.npmjs.org/eslint-webpack-plugin 54ms (cache revalidated)
347 silly packumentCache corgi:https://registry.npmjs.org/eslint-webpack-plugin set size:72782 disposed:false
348 http fetch GET 200 https://registry.npmjs.org/jest-message-util 59ms (cache revalidated)
349 silly packumentCache corgi:https://registry.npmjs.org/jest-message-util set size:290665 disposed:false
350 http fetch GET 200 https://registry.npmjs.org/jest-haste-map 65ms (cache revalidated)
351 silly packumentCache corgi:https://registry.npmjs.org/jest-haste-map set size:386667 disposed:false
352 http fetch GET 200 https://registry.npmjs.org/fast-glob 68ms (cache revalidated)
353 silly packumentCache corgi:https://registry.npmjs.org/fast-glob set size:86036 disposed:false
354 http fetch GET 200 https://registry.npmjs.org/@jest%2fcore 71ms (cache revalidated)
355 silly packumentCache corgi:https://registry.npmjs.org/@jest%2fcore set size:384404 disposed:false
356 http fetch GET 200 https://registry.npmjs.org/tailwindcss 77ms (cache revalidated)
357 silly packumentCache corgi:https://registry.npmjs.org/tailwindcss set size:4640030 disposed:false
358 http fetch GET 200 https://registry.npmjs.org/@jest%2ftransform 334ms (cache revalidated)
359 silly packumentCache corgi:https://registry.npmjs.org/@jest%2ftransform set size:289903 disposed:false
360 silly packumentCache corgi:https://registry.npmjs.org/selfsigned cache-miss
361 http fetch GET 200 https://registry.npmjs.org/selfsigned 309ms (cache revalidated)
362 silly packumentCache corgi:https://registry.npmjs.org/selfsigned set size:37003 disposed:false
363 silly packumentCache corgi:https://registry.npmjs.org/css-select cache-miss
364 http fetch GET 200 https://registry.npmjs.org/css-select 53ms (cache revalidated)
365 silly packumentCache corgi:https://registry.npmjs.org/css-select set size:48469 disposed:false
366 silly packumentCache corgi:https://registry.npmjs.org/compression cache-miss
367 http fetch GET 200 https://registry.npmjs.org/compression 50ms (cache revalidated)
368 silly packumentCache corgi:https://registry.npmjs.org/compression set size:31993 disposed:false
369 silly packumentCache corgi:https://registry.npmjs.org/resolve-url-loader cache-miss
370 http fetch GET 200 https://registry.npmjs.org/resolve-url-loader 51ms (cache revalidated)
371 silly packumentCache corgi:https://registry.npmjs.org/resolve-url-loader set size:61938 disposed:false
372 silly packumentCache corgi:https://registry.npmjs.org/postcss-svgo cache-miss
373 http fetch GET 200 https://registry.npmjs.org/postcss-svgo 55ms (cache revalidated)
374 silly packumentCache corgi:https://registry.npmjs.org/postcss-svgo set size:69384 disposed:false
375 silly packumentCache corgi:https://registry.npmjs.org/@rollup%2fplugin-babel cache-miss
376 silly packumentCache corgi:https://registry.npmjs.org/@rollup%2fplugin-node-resolve cache-miss
377 silly packumentCache corgi:https://registry.npmjs.org/@rollup%2fplugin-replace cache-miss
378 silly packumentCache corgi:https://registry.npmjs.org/@rollup%2fpluginutils cache-miss
379 silly packumentCache corgi:https://registry.npmjs.org/rollup-plugin-terser cache-miss
380 http fetch GET 200 https://registry.npmjs.org/rollup-plugin-terser 57ms (cache revalidated)
381 silly packumentCache corgi:https://registry.npmjs.org/rollup-plugin-terser set size:47323 disposed:false
382 http fetch GET 200 https://registry.npmjs.org/@rollup%2fplugin-replace 61ms (cache revalidated)
383 silly packumentCache corgi:https://registry.npmjs.org/@rollup%2fplugin-replace set size:38369 disposed:false
384 http fetch GET 200 https://registry.npmjs.org/@rollup%2fplugin-node-resolve 67ms (cache revalidated)
385 silly packumentCache corgi:https://registry.npmjs.org/@rollup%2fplugin-node-resolve set size:91698 disposed:false
386 http fetch GET 200 https://registry.npmjs.org/@rollup%2fplugin-babel 333ms (cache revalidated)
387 silly packumentCache corgi:https://registry.npmjs.org/@rollup%2fplugin-babel set size:35533 disposed:false
388 http fetch GET 200 https://registry.npmjs.org/@rollup%2fpluginutils 569ms (cache revalidated)
389 silly packumentCache corgi:https://registry.npmjs.org/@rollup%2fpluginutils set size:47240 disposed:false
390 silly packumentCache corgi:https://registry.npmjs.org/css-minimizer-webpack-plugin cache-miss
391 silly packumentCache corgi:https://registry.npmjs.org/terser-webpack-plugin cache-miss
392 http fetch GET 200 https://registry.npmjs.org/css-minimizer-webpack-plugin 61ms (cache revalidated)
393 silly packumentCache corgi:https://registry.npmjs.org/css-minimizer-webpack-plugin set size:92918 disposed:false
394 http fetch GET 200 https://registry.npmjs.org/terser-webpack-plugin 63ms (cache revalidated)
395 silly packumentCache corgi:https://registry.npmjs.org/terser-webpack-plugin set size:206963 disposed:false
396 silly packumentCache corgi:https://registry.npmjs.org/@pmmmwh%2freact-refresh-webpack-plugin cache-miss
397 silly packumentCache corgi:https://registry.npmjs.org/babel-loader cache-miss
398 silly packumentCache corgi:https://registry.npmjs.org/css-loader cache-miss
399 silly packumentCache corgi:https://registry.npmjs.org/file-loader cache-miss
400 silly packumentCache corgi:https://registry.npmjs.org/mini-css-extract-plugin cache-miss
401 silly packumentCache corgi:https://registry.npmjs.org/postcss-loader cache-miss
402 silly packumentCache corgi:https://registry.npmjs.org/react-scripts cache-miss
403 silly packumentCache corgi:https://registry.npmjs.org/sass-loader cache-miss
404 silly packumentCache corgi:https://registry.npmjs.org/source-map-loader cache-miss
405 silly packumentCache corgi:https://registry.npmjs.org/style-loader cache-miss
406 silly packumentCache corgi:https://registry.npmjs.org/webpack-dev-middleware cache-miss
407 silly packumentCache corgi:https://registry.npmjs.org/webpack-manifest-plugin cache-miss
408 silly packumentCache corgi:https://registry.npmjs.org/workbox-webpack-plugin cache-miss
409 http fetch GET 200 https://registry.npmjs.org/style-loader 59ms (cache revalidated)
410 silly packumentCache corgi:https://registry.npmjs.org/style-loader set size:87141 disposed:false
411 http fetch GET 200 https://registry.npmjs.org/css-loader 66ms (cache revalidated)
412 silly packumentCache corgi:https://registry.npmjs.org/css-loader set size:243401 disposed:false
413 http fetch GET 200 https://registry.npmjs.org/webpack-dev-middleware 68ms (cache revalidated)
414 silly packumentCache corgi:https://registry.npmjs.org/webpack-dev-middleware set size:171828 disposed:false
415 http fetch GET 200 https://registry.npmjs.org/sass-loader 70ms (cache revalidated)
416 silly packumentCache corgi:https://registry.npmjs.org/sass-loader set size:205321 disposed:false
417 http fetch GET 200 https://registry.npmjs.org/babel-loader 73ms (cache revalidated)
418 silly packumentCache corgi:https://registry.npmjs.org/babel-loader set size:114589 disposed:false
419 http fetch GET 200 https://registry.npmjs.org/postcss-loader 73ms (cache revalidated)
420 silly packumentCache corgi:https://registry.npmjs.org/postcss-loader set size:134258 disposed:false
421 http fetch GET 200 https://registry.npmjs.org/mini-css-extract-plugin 75ms (cache revalidated)
422 silly packumentCache corgi:https://registry.npmjs.org/mini-css-extract-plugin set size:186126 disposed:false
423 http fetch GET 200 https://registry.npmjs.org/react-scripts 77ms (cache revalidated)
424 silly packumentCache corgi:https://registry.npmjs.org/react-scripts set size:342451 disposed:false
425 http fetch GET 200 https://registry.npmjs.org/file-loader 81ms (cache revalidated)
426 silly packumentCache corgi:https://registry.npmjs.org/file-loader set size:64354 disposed:false
427 http fetch GET 200 https://registry.npmjs.org/workbox-webpack-plugin 81ms (cache revalidated)
428 silly packumentCache corgi:https://registry.npmjs.org/workbox-webpack-plugin set size:135389 disposed:false
429 http fetch GET 200 https://registry.npmjs.org/@pmmmwh%2freact-refresh-webpack-plugin 85ms (cache revalidated)
430 silly packumentCache corgi:https://registry.npmjs.org/@pmmmwh%2freact-refresh-webpack-plugin set size:206166 disposed:false
431 http fetch GET 200 https://registry.npmjs.org/webpack-manifest-plugin 316ms (cache revalidated)
432 silly packumentCache corgi:https://registry.npmjs.org/webpack-manifest-plugin set size:59691 disposed:false
433 http fetch GET 200 https://registry.npmjs.org/source-map-loader 323ms (cache revalidated)
434 silly packumentCache corgi:https://registry.npmjs.org/source-map-loader set size:45783 disposed:false
435 silly packumentCache corgi:https://registry.npmjs.org/jest-environment-jsdom cache-miss
436 http fetch GET 200 https://registry.npmjs.org/jest-environment-jsdom 65ms (cache revalidated)
437 silly packumentCache corgi:https://registry.npmjs.org/jest-environment-jsdom set size:345603 disposed:false
438 silly packumentCache corgi:https://registry.npmjs.org/@svgr%2fplugin-svgo cache-miss
439 http fetch GET 200 https://registry.npmjs.org/@svgr%2fplugin-svgo 78ms (cache revalidated)
440 silly packumentCache corgi:https://registry.npmjs.org/@svgr%2fplugin-svgo set size:36570 disposed:false
441 silly packumentCache corgi:https://registry.npmjs.org/jest-runner cache-miss
442 http fetch GET 200 https://registry.npmjs.org/jest-runner 46ms (cache revalidated)
443 silly packumentCache corgi:https://registry.npmjs.org/jest-runner set size:447209 disposed:false
444 silly packumentCache corgi:https://registry.npmjs.org/@svgr%2fwebpack cache-miss
445 http fetch GET 200 https://registry.npmjs.org/@svgr%2fwebpack 329ms (cache revalidated)
446 silly packumentCache corgi:https://registry.npmjs.org/@svgr%2fwebpack set size:85201 disposed:false
447 silly packumentCache corgi:https://registry.npmjs.org/jest-cli cache-miss
448 http fetch GET 200 https://registry.npmjs.org/jest-cli 53ms (cache revalidated)
449 silly packumentCache corgi:https://registry.npmjs.org/jest-cli set size:639158 disposed:false
450 silly packumentCache corgi:https://registry.npmjs.org/jest cache-miss
451 http fetch GET 200 https://registry.npmjs.org/jest 48ms (cache revalidated)
452 silly packumentCache corgi:https://registry.npmjs.org/jest set size:406305 disposed:false
453 silly packumentCache corgi:https://registry.npmjs.org/jest-watch-typeahead cache-miss
454 http fetch GET 200 https://registry.npmjs.org/jest-watch-typeahead 66ms (cache revalidated)
455 silly packumentCache corgi:https://registry.npmjs.org/jest-watch-typeahead set size:69801 disposed:false
456 silly ADD
457 silly REMOVE node_modules/@types/testing-library__jest-dom
458 silly REMOVE node_modules/@types/jest
459 silly REMOVE node_modules/@types/jest/node_modules/@sinclair/typebox
460 silly REMOVE node_modules/@types/jest/node_modules/@types/yargs
461 silly REMOVE node_modules/@types/jest/node_modules/@jest/types
462 silly REMOVE node_modules/@types/jest/node_modules/@jest/schemas
463 silly REMOVE node_modules/@types/jest/node_modules/jest-message-util
464 silly REMOVE node_modules/@types/jest/node_modules/supports-color
465 silly REMOVE node_modules/@types/jest/node_modules/jest-util
466 silly REMOVE node_modules/@types/jest/node_modules/jest-get-type
467 silly REMOVE node_modules/@types/jest/node_modules/pretty-format
468 silly REMOVE node_modules/@types/jest/node_modules/pretty-format/node_modules/ansi-styles
469 silly REMOVE node_modules/@types/jest/node_modules/react-is
470 silly REMOVE node_modules/@types/jest/node_modules/color-name
471 silly REMOVE node_modules/@types/jest/node_modules/jest-matcher-utils
472 silly REMOVE node_modules/@types/jest/node_modules/diff-sequences
473 silly REMOVE node_modules/@types/jest/node_modules/jest-diff
474 silly REMOVE node_modules/@types/jest/node_modules/has-flag
475 silly REMOVE node_modules/@types/jest/node_modules/color-convert
476 silly REMOVE node_modules/@types/jest/node_modules/expect
477 silly REMOVE node_modules/@types/jest/node_modules/chalk
478 silly REMOVE node_modules/@types/jest/node_modules/ansi-styles
479 silly CHANGE node_modules/@testing-library/jest-dom
480 silly ADD node_modules/@testing-library/jest-dom/node_modules/dom-accessibility-api
481 silly REMOVE node_modules/@testing-library/jest-dom/node_modules/supports-color
482 silly REMOVE node_modules/@testing-library/jest-dom/node_modules/color-name
483 silly REMOVE node_modules/@testing-library/jest-dom/node_modules/has-flag
484 silly REMOVE node_modules/@testing-library/jest-dom/node_modules/chalk
485 silly REMOVE node_modules/@testing-library/jest-dom/node_modules/color-convert
486 silly REMOVE node_modules/@testing-library/jest-dom/node_modules/ansi-styles
487 silly CHANGE node_modules/@testing-library/react
488 silly REMOVE node_modules/@testing-library/react/node_modules/@testing-library/dom
489 silly REMOVE node_modules/@testing-library/react/node_modules/supports-color
490 silly REMOVE node_modules/@testing-library/react/node_modules/has-flag
491 silly REMOVE node_modules/@testing-library/react/node_modules/aria-query
492 silly REMOVE node_modules/@testing-library/react/node_modules/color-name
493 silly REMOVE node_modules/@testing-library/react/node_modules/chalk
494 silly REMOVE node_modules/@testing-library/react/node_modules/color-convert
495 silly REMOVE node_modules/@testing-library/react/node_modules/ansi-styles
496 silly CHANGE node_modules/@testing-library/user-event
497 silly REMOVE node_modules/@jest/expect-utils
498 silly REMOVE node_modules/@jest/expect-utils/node_modules/jest-get-type
499 silly ADD node_modules/@babel/preset-env/node_modules/@babel/plugin-proposal-private-property-in-object
500 silly CHANGE node_modules/@babel/plugin-proposal-private-property-in-object
501 silly REMOVE node_modules/stop-iteration-iterator
502 silly CHANGE node_modules/picocolors
503 silly REMOVE node_modules/object-is
504 silly REMOVE node_modules/is-arguments
505 silly REMOVE node_modules/es-get-iterator
506 silly REMOVE node_modules/deep-equal
507 verbose cwd C:\Users\VARUN\OneDrive\Documents\New project\deploy-mern-app-1-main-fixed\frontend
508 verbose os Windows_NT 10.0.26200
509 verbose node v22.20.0
510 verbose npm  v10.9.3
511 verbose exit 0
512 info ok
